Num Agents,Mean Gainz from Trade,Mean Percentage Trade,Run Time
100.0,0.0,,0.5750467777252197
100.0,0.0,,0.3920009136199951
100.0,0.0,,0.4520869255065918
100.0,41672.09496752817,22.0,2.5171847343444824
100.0,41843.200103261355,23.5,1.4110159873962402
100.0,34869.333419384464,23.5,0.4980635643005371
100.0,29888.00007375811,23.5,0.35199713706970215
100.0,29527.10541669422,20.666666666666668,1.6450328826904297
100.0,30712.855471363997,23.0,1.932204008102417
100.0,31920.27301335003,21.2,1.4530346393585205
100.0,31646.24878098839,21.166666666666668,1.9655799865722656
100.0,31716.63858341245,22.142857142857142,1.5965499877929688
100.0,40077.76278803474,23.5,2.300096273422241
100.0,37215.06544603226,23.5,0.2660083770751953
100.0,37477.21094587639,23.11111111111111,1.4496116638183594
101.0,36626.37068896945,22.978217821782177,1.3880810737609863
101.0,34471.87829550066,22.978217821782177,0.3390390872955322
101.0,32556.773945750625,22.978217821782177,0.3300008773803711
101.0,30985.415486455753,21.42934293429343,1.2266128063201904
101.0,30163.177503079758,21.623762376237625,1.528083324432373
101.0,28726.83571721882,21.623762376237625,0.3450469970703125
101.0,28524.140263218873,21.63594821020564,1.2450752258300781
101.0,27283.960251774573,21.63594821020564,0.2809927463531494
101.0,28900.868286220735,21.78783592644979,1.697561264038086
101.0,27744.833554771907,21.78783592644979,0.2990572452545166
101.0,26677.724571896062,21.78783592644979,0.3005642890930176
101.0,36269.75476944005,22.711551155115515,1.7205147743225098
101.0,34974.40638481719,22.711551155115515,0.36405515670776367
101.0,38200.191390202046,22.839108910891092,1.234018325805664
101.0,37825.54518944618,22.427489807804314,1.3310325145721436
102.0,36605.366312367274,22.427489807804314,0.2930479049682617
102.0,39349.51104943183,23.087836234603856,1.723111629486084
102.0,39605.0222152667,23.57547333680737,2.0526556968688965
102.0,38440.16862070003,23.57547333680737,0.44304943084716797
102.0,37341.87808868003,23.57547333680737,0.3540012836456299
102.0,37447.97191356062,23.27905261114347,1.5590436458587646
102.0,36707.08841602958,22.730750385962967,1.0910234451293945
102.0,36923.77576637288,22.544236776618842,1.4101030826568604
102.0,38975.35747155953,22.629696217703614,1.461106300354004
102.0,41465.90988304991,22.4629359994823,1.0981097221374512
102.0,40454.54622736577,22.4629359994823,0.32857847213745117
102.0,40512.51391989739,22.191869539895166,1.1330854892730713
102.0,40675.66377987688,22.356435643564357,1.7540380954742432
102.0,40548.96702052341,22.18201427985936,1.4590389728546143
102.0,39984.775387733745,21.91500956818371,1.159083604812622
103.0,39490.73815137838,21.761930898775297,1.361114501953125
103.0,38650.50968007246,21.761930898775297,0.2460770606994629
103.0,37845.290728404274,21.761930898775297,0.24499273300170898
103.0,37072.93785639602,21.761930898775297,0.24169087409973145
103.0,36331.4790992681,21.761930898775297,0.2369685173034668
103.0,45524.279630310295,21.877957150369518,1.7071833610534668
103.0,44890.66471299968,21.735949763433073,1.8951728343963623
103.0,44043.671039169494,21.735949763433073,0.3280022144317627
103.0,43228.0475014071,21.735949763433073,0.32803773880004883
103.0,42442.083001381514,21.735949763433073,0.37400269508361816
103.0,41684.18866207113,21.735949763433073,0.3625204563140869
103.0,41066.3563428822,21.269079974102496,1.2050457000732422
103.0,40496.09059933092,21.09528908344861,2.4051904678344727
103.0,39809.71618239311,21.09528908344861,0.33399128913879395
103.0,39541.78522047458,21.0173865204574,1.3415539264678955
104.0,40317.58037980048,20.91139525723554,1.7901360988616943
104.0,39667.29682528757,20.91139525723554,0.33057546615600586
104.0,39811.4293367437,20.86471120094481,1.4910247325897217
104.0,39189.375753357075,20.86471120094481,0.37904930114746094
104.0,40489.734762774526,21.28832607493175,2.2530434131622314
104.0,39876.253933035514,21.28832607493175,0.33704161643981934
104.0,39281.08596388573,21.28832607493175,0.29700160026550293
104.0,54340.82114405803,21.284787129640023,1.370060682296753
104.0,53553.27301153545,21.284787129640023,0.29506421089172363
104.0,53990.55234223515,21.256774836375094,1.571075677871704
104.0,53561.90803222568,21.18208623469648,1.7141780853271484
104.0,52817.992642889214,21.18208623469648,0.42800092697143555
104.0,52541.73345292347,21.15794529463822,1.3916285037994385
104.0,52246.22100718632,21.13495392315416,1.5451099872589111
104.0,51549.604727090504,21.13495392315416,0.3750474452972412
105.0,50871.32045436563,21.13495392315416,0.37700510025024414
105.0,52775.32008643693,21.108559645871505,1.6671066284179688
105.0,52098.7134186621,21.108559645871505,0.3750343322753906
105.0,51757.61166682643,20.801979827080054,1.3351428508758545
105.0,51592.718734069495,20.636009904996794,1.4631624221801758
105.0,50955.771589204436,20.636009904996794,0.42805957794189453
105.0,50911.594291135436,20.746407205198725,3.793466329574585
105.0,50298.2015888326,20.746407205198725,0.6250448226928711
105.0,49699.41347467983,20.746407205198725,0.3950498104095459
105.0,49220.803895099234,20.507628531126613,1.7115931510925293
105.0,49012.089397763484,20.417687857363063,2.0826077461242676
105.0,48571.323415952524,20.273109193607354,4.557669401168823
105.0,49740.16730503989,20.305742247830448,2.8796546459198
105.0,49181.28902071359,20.305742247830448,0.6070022583007812
105.0,48634.83025381678,20.305742247830448,0.6700012683868408
106.0,48909.66036138133,20.33304363919744,3.073042631149292
106.0,48378.033618322836,20.33304363919744,0.42404937744140625
106.0,48209.103107940195,20.37743721217369,3.1440906524658203
106.0,48434.99662572723,20.58035491518358,2.375234603881836
106.0,48070.23127155019,20.4612917389066,1.5317575931549072
106.0,47820.1784356854,20.535237377959067,1.3116841316223145
106.0,47327.186905420596,20.535237377959067,0.31999778747558594
106.0,46844.25642679386,20.535237377959067,0.2890017032623291
106.0,48688.88046168238,20.556003017773143,1.5226528644561768
106.0,48201.99165706556,20.556003017773143,0.41807126998901367
106.0,47724.7442149164,20.556003017773143,0.39800262451171875
106.0,47382.7338703269,20.4601843617182,2.336103677749634
106.0,46922.70732789654,20.4601843617182,0.37851452827453613
106.0,47723.92098181342,20.62791703212449,1.312030553817749
106.0,52759.332138829785,20.821943382395485,1.7312393188476562
107.0,52261.60259035026,20.821943382395485,0.2689990997314453
107.0,52121.80548092012,20.724132176489515,1.6885993480682373
107.0,51807.40400463947,20.72145374185119,1.597095251083374
107.0,51332.10672019324,20.72145374185119,0.44353556632995605
107.0,51143.75718059377,20.764083294100498,2.535996675491333
107.0,50683.002611399235,20.764083294100498,0.32105541229248047
107.0,61400.74206692979,20.67184817876616,1.1710662841796875
107.0,60857.372668107404,20.67184817876616,0.3210258483886719
107.0,60491.815487207474,20.655509429477615,1.5555410385131836
107.0,59965.79970036219,20.655509429477615,0.32500219345092773
107.0,59628.17453165319,20.553404539620807,2.2062695026397705
107.0,59662.55325000044,20.62431727174493,2.5011208057403564
107.0,62710.338478077014,20.65126636533166,1.7820944786071777
107.0,62183.36084380746,20.65126636533166,0.5096251964569092
107.0,61775.8177233049,20.622447577386293,1.9040606021881104
108.0,61265.273775178415,20.622447577386293,0.6489999294281006
108.0,61449.65076628413,20.578536635577688,2.148656129837036
108.0,60950.060109647675,20.578536635577688,0.31200194358825684
108.0,60621.16282601223,20.549107805333986,1.656118392944336
108.0,60253.138543880385,20.54659037667253,1.479062557220459
108.0,59982.91802547379,20.608443288107637,1.5065686702728271
108.0,59960.86219024022,20.541762431294387,1.3150684833526611
108.0,59492.41795437897,20.541762431294387,0.3059988021850586
108.0,59031.23641984891,20.541762431294387,0.3350365161895752
108.0,58577.149985850076,20.541762431294387,0.3149888515472412
108.0,58449.03442491155,20.602008884925546,1.6340563297271729
108.0,58006.23870957131,20.602008884925546,0.3059971332550049
108.0,57570.101576416644,20.602008884925546,0.3100004196166992
108.0,57140.47395271204,20.602008884925546,0.31400132179260254
108.0,56717.21118269195,20.602008884925546,0.37804508209228516
109.0,56300.17286517215,20.602008884925546,0.3229949474334717
109.0,56241.85971430147,20.633125830680054,1.9555964469909668
109.0,56522.88212671221,20.784138540054254,2.3206770420074463
109.0,56722.94754198657,20.81208193325503,1.9349985122680664
109.0,56317.78363097238,20.81208193325503,0.3410022258758545
109.0,55918.36672578818,20.81208193325503,0.3705577850341797
109.0,55665.76840744379,20.804023014091914,2.4940037727355957
109.0,55276.49729969943,20.804023014091914,0.3660247325897217
109.0,54892.63273511819,20.804023014091914,0.33299875259399414
109.0,54576.748529714096,20.656811481338924,1.3280012607574463
109.0,54202.93518362016,20.656811481338924,0.3690321445465088
109.0,54146.47857590929,20.605023356170808,2.2755320072174072
109.0,57285.11477795352,20.80369279259366,1.810687780380249
109.0,56900.650920383356,20.80369279259366,0.3500101566314697
109.0,56521.3132475808,20.80369279259366,0.3400390148162842
110.0,56759.43784289069,20.926929354989973,1.5720512866973877
110.0,56386.02048866116,20.926929354989973,0.32706785202026367
110.0,56887.52056059726,21.02529055662755,1.6485419273376465
110.0,113605.95815134593,21.16459986818285,1.7266101837158203
110.0,113093.54670199903,21.16159388042883,1.3131697177886963
110.0,112368.58806929391,21.16159388042883,0.3320002555847168
110.0,111652.86457840669,21.16159388042883,0.32256293296813965
110.0,111014.41668906398,21.126945325793823,1.3816232681274414
110.0,110316.2128105164,21.126945325793823,0.4250006675720215
110.0,109626.73648045068,21.126945325793823,0.4630429744720459
110.0,108945.8250737398,21.126945325793823,0.4100337028503418
110.0,108410.95838462893,21.009498723302983,2.78804612159729
110.0,107977.07684313113,21.09100235351338,2.6780011653900146
110.0,107318.68003311203,21.09100235351338,0.6129951477050781
110.0,106668.26379048711,21.09100235351338,0.5140023231506348
111.0,106025.68388813478,21.09100235351338,0.5360491275787354
111.0,105912.2379783971,21.117209331826977,2.998115301132202
111.0,105724.7824267537,21.142833932844717,4.293875217437744
111.0,105527.84332619645,21.187695375618127,4.011281728744507
111.0,104907.0913066306,21.187695375618127,0.43103599548339844
111.0,104414.61783456846,21.143449959764855,3.0766446590423584
111.0,104208.53122639691,21.20671422930531,3.785322666168213
111.0,103606.1697742212,21.20671422930531,0.46000003814697266
111.0,103246.19792831053,21.268632450557668,4.215091228485107
111.0,102751.26963795014,21.186999619641412,3.5125176906585693
111.0,102167.45560591632,21.186999619641412,0.4270339012145996
111.0,101590.23834260606,21.186999619641412,0.478593111038208
111.0,101156.6499674978,21.135220625855737,3.0038673877716064
111.0,100859.75125638982,21.24239908880085,2.839627265930176
111.0,100299.41930496544,21.24239908880085,1.4981684684753418
112.0,99899.26364166736,21.153190934833493,2.6150825023651123
112.0,99616.32157382742,21.17401007401988,2.4650328159332275
112.0,99071.97008981743,21.17401007401988,0.42104315757751465
112.0,98533.53546976407,21.17401007401988,0.437056303024292
112.0,98241.6296980452,21.158698544708255,4.487620115280151
112.0,97713.448893217,21.158698544708255,1.0821075439453125
112.0,97190.91708095382,21.158698544708255,0.54599928855896
112.0,96900.02000500263,21.161370553459378,2.317260980606079
112.0,98243.0377951143,21.26903218668877,2.8481943607330322
112.0,97922.2713114991,21.28791814326738,2.282095193862915
112.0,97409.5892627478,21.28791814326738,0.557034969329834
112.0,97418.6451520071,21.323611238043647,1.9490699768066406
112.0,97044.49625165523,21.299100654824183,2.3500356674194336
112.0,96908.56915725877,21.334014799589994,3.1816866397857666
112.0,97906.14882245917,21.384965262077134,2.007049322128296
113.0,99266.81171984106,21.408195262518408,1.8186378479003906
113.0,109966.25851160484,21.32545384296295,1.763103723526001
113.0,109477.52475403936,21.356847544953713,2.298143148422241
113.0,109135.66499847101,21.387675594656358,1.5995688438415527
113.0,114192.85603057928,21.338939237023915,1.995605707168579
113.0,114087.35934273795,21.408537472298118,1.8740618228912354
113.0,113787.77634064513,21.391524218582102,1.8580281734466553
113.0,113227.24542271091,21.391524218582102,0.28203725814819336
113.0,112927.2699783086,21.382502114949954,1.7598066329956055
113.0,112499.7971633574,21.320233062540026,2.8566832542419434
113.0,112074.83935413748,21.228773540864886,1.5580360889434814
113.0,111533.41500943151,21.228773540864886,0.32503461837768555
113.0,110997.19666804001,21.228773540864886,0.3650014400482178
113.0,110466.10960264268,21.228773540864886,0.37999916076660156
113.0,109940.08050929676,21.228773540864886,0.32300281524658203
114.0,109766.23383603389,21.182677779367815,1.6940739154815674
114.0,109525.99978808356,21.240555910957973,1.7370891571044922
114.0,112144.18837714552,21.202440167255546,1.5715913772583008
114.0,111845.80347110494,21.28819642511642,1.8070363998413086
114.0,111325.59043170446,21.28819642511642,0.3645365238189697
114.0,111126.34619998134,21.322216097789468,1.9421687126159668
114.0,110670.51409425703,21.255839501359,0.9890367984771729
114.0,110253.17973977064,21.17638522128296,1.7707459926605225
114.0,109920.26156113521,21.147325016705675,1.9490668773651123
114.0,110208.75569072193,21.20226827402227,1.277773141860962
114.0,110033.08838887472,21.201090032328768,2.569701671600342
114.0,109537.4438465825,21.201090032328768,0.22734379768371582
114.0,109046.24454682204,21.201090032328768,0.7927241325378418
114.0,108911.0954854566,21.26846090241611,2.418741226196289
114.0,108427.0461721879,21.26846090241611,0.21796560287475586
115.0,108216.9652253299,21.292331950358278,1.6287219524383545
115.0,107842.48297277103,21.35596953067325,1.6472737789154053
115.0,107643.53524193757,21.41863554487654,1.449507713317871
115.0,107258.51014741238,21.381537844767134,1.3148393630981445
115.0,107132.45246603973,21.3711503421749,2.2052879333496094
115.0,106668.6756155374,21.3711503421749,0.3639955520629883
115.0,108483.05070928276,21.406342925604484,1.5948729515075684
115.0,108098.5845723414,21.41524924209759,1.2244014739990234
115.0,107732.26191630006,21.372873688207484,1.115116834640503
115.0,107912.40746155145,21.369199903748974,1.344743251800537
115.0,107634.60442924629,21.327772179178645,0.8885498046875
115.0,107413.07692268956,21.255661212609642,1.1457734107971191
115.0,107280.98120721578,21.246692203948143,1.1689631938934326
115.0,106983.05504232559,21.25635180287173,1.908919095993042
115.0,106907.7939913765,21.25975165239223,1.4160914421081543
116.0,106668.24828496734,21.261793418025366,2.109128952026367
116.0,106322.62684804366,21.2697934158408,1.2296860218048096
116.0,105885.08517377188,21.2697934158408,0.48305773735046387
116.0,105451.12990666625,21.2697934158408,0.27596211433410645
116.0,105210.9234634773,21.337136100963424,1.6587307453155518
116.0,104930.48360074994,21.379937955727726,1.7975718975067139
116.0,104692.69847521585,21.39869981340633,2.0873491764068604
116.0,104369.8457381083,21.39973376154501,1.4947614669799805
116.0,104042.03006171866,21.418110924450634,1.4909782409667969
116.0,103625.86194147178,21.418110924450634,0.29002904891967773
116.0,103213.00990186432,21.418110924450634,0.2587144374847412
116.0,102803.43446574581,21.418110924450634,0.2659642696380615
116.0,102397.09678011046,21.418110924450634,0.3509640693664551
116.0,101993.95860381081,21.418110924450634,0.6161160469055176
116.0,102185.78062136332,21.464978690701425,1.413524866104126
117.0,101823.04815864553,21.396410031233938,0.9939992427825928
117.0,101509.7869443406,21.356858750664085,1.0857627391815186
117.0,101116.33815773463,21.356858750664085,0.22499918937683105
117.0,100725.92758569703,21.356858750664085,0.2401742935180664
117.0,100558.39226305451,21.284306799721247,1.2489957809448242
117.0,100289.21850715607,21.318147187357646,1.2865490913391113
117.0,100133.80194461132,21.379121920143923,1.5415878295898438
117.0,99753.06505508808,21.379121920143923,0.23203325271606445
117.0,99737.22859912217,21.406441815790597,1.204207420349121
117.0,99484.06321495745,21.42252577831183,1.3210155963897705
117.0,100291.4359588102,21.405949151888457,1.5578136444091797
117.0,99915.81260315921,21.405949151888457,0.24555206298828125
117.0,99689.9012624059,21.384205559415687,1.5770835876464844
117.0,99455.21144585726,21.373417522532584,2.198089599609375
117.0,99086.8588108726,21.373417522532584,0.22400403022766113
118.0,98861.08133305299,21.372256175671925,1.284073829650879
118.0,98841.3568146884,21.407727705870226,1.883774757385254
118.0,98479.30056261994,21.407727705870226,0.312000036239624
118.0,98247.80400925605,21.411569243288717,1.8226902484893799
118.0,98077.51058583631,21.451535904579128,1.4290623664855957
118.0,97722.15728661226,21.451535904579128,0.2465982437133789
118.0,97369.36971518045,21.451535904579128,0.24399924278259277
118.0,97210.01268168936,21.470473694166163,1.9890992641448975
118.0,96894.45593880919,21.402395488330367,1.3295140266418457
118.0,96548.40431045629,21.402395488330367,0.28999829292297363
118.0,96343.15472698217,21.380803959475045,1.3767118453979492
118.0,96134.24789561468,21.414957769643625,2.388913154602051
118.0,95914.07510528769,21.398561970986623,2.019650459289551
118.0,95772.19291251268,21.382359064078525,1.3560025691986084
118.0,95436.15013036352,21.382359064078525,0.24200201034545898
119.0,95102.45729773986,21.382359064078525,0.30161309242248535
119.0,94888.92957148678,21.39000068142457,2.2252752780914307
119.0,94559.45412158578,21.39000068142457,0.24284791946411133
119.0,94610.95865741369,21.412210468355898,1.37813401222229
119.0,94669.45398377786,21.482737837776682,1.7014875411987305
119.0,94796.84924710223,21.528306957708324,2.207824468612671
119.0,94472.2025031053,21.528306957708324,0.2545735836029053
119.0,94369.94152427262,21.53974184231974,1.7136197090148926
119.0,94048.95532861183,21.53974184231974,0.8030002117156982
119.0,93881.12949338791,21.536722873677835,1.1870300769805908
119.0,93993.8980742827,21.528990355899378,1.1236927509307861
119.0,93677.42030298882,21.528990355899378,0.2239978313446045
119.0,93949.73149750706,21.587438573614794,1.496816873550415
119.0,93635.51834868598,21.587438573614794,0.24396371841430664
119.0,93323.39995419035,21.587438573614794,0.24703431129455566
120.0,93234.03554470518,21.625125136518253,1.7980339527130127
120.0,93568.7090955079,21.71331888575982,1.1581199169158936
120.0,93259.90147473065,21.71331888575982,0.2279961109161377
120.0,92953.12548303747,21.71331888575982,0.23903870582580566
120.0,92776.69276209918,21.731477344954513,1.9061925411224365
120.0,92473.5009556871,21.731477344954513,0.2320401668548584
120.0,92172.28434019626,21.731477344954513,0.2688438892364502
120.0,92206.37505211531,21.79064505185037,1.4700171947479248
120.0,91907.97254385604,21.79064505185037,0.22496438026428223
120.0,91757.09471835986,21.77175263808798,1.0147919654846191
120.0,91509.98638332362,21.7440076056346,1.2847671508789062
120.0,91291.89869957286,21.73908504200054,1.152677059173584
120.0,91334.17108459506,21.738695695896592,1.2055518627166748
120.0,91043.2979282747,21.738695695896592,0.2320394515991211
120.0,90754.27158564526,21.738695695896592,0.237962007522583
121.0,90565.62150574212,21.75061145232902,1.9351859092712402
121.0,90492.11856578171,21.753608463682465,1.4370129108428955
121.0,90320.29679980682,21.712846444175465,1.2257652282714844
121.0,90137.92111756833,21.689912367631525,1.443772315979004
121.0,89856.24011407592,21.689912367631525,0.23596644401550293
121.0,89576.31413241214,21.689912367631525,0.23716449737548828
121.0,89298.12682144191,21.689912367631525,0.2410109043121338
121.0,89239.96013952227,21.732122596679016,1.990220069885254
121.0,89378.64066843393,21.778197543554096,1.44594144821167
121.0,89237.25389050337,21.74243503326548,1.7685277462005615
121.0,88963.51998286379,21.74243503326548,0.2469789981842041
121.0,88691.4602887266,21.74243503326548,0.2590036392211914
121.0,88794.18521800735,21.719821305778684,1.4462575912475586
121.0,88587.64063794124,21.72286863029662,1.4977660179138184
121.0,88382.32184711494,21.717451734350178,1.2720115184783936
122.0,88323.81091910953,21.71955171306405,1.8140993118286133
122.0,88163.42623348527,21.71749072163361,1.6048972606658936
122.0,88064.78900782697,21.71133148825197,1.7745497226715088
122.0,87801.1219748694,21.71133148825197,0.2520022392272949
122.0,87645.77081853118,21.692938765236946,1.2341091632843018
122.0,87596.39769878055,21.67472905439122,1.4847562313079834
122.0,87907.62204208838,21.66481520336721,1.1977970600128174
122.0,87647.54032007036,21.66481520336721,0.23096346855163574
122.0,87620.93989352345,21.62269667575634,0.9213969707489014
122.0,87363.23124677778,21.62269667575634,0.2740316390991211
122.0,87185.57893383516,21.589027076172513,1.1790428161621094
122.0,87086.5861469795,21.639652373921688,1.5435283184051514
122.0,87067.32566935773,21.665912218358322,1.9505832195281982
122.0,87100.15653341376,21.691918344491228,1.852491855621338
122.0,86847.69231157778,21.691918344491228,0.25200486183166504
123.0,86714.68061393217,21.708799756452905,1.7151825428009033
123.0,86660.25096538661,21.713849650643446,1.7990682125091553
123.0,86603.90850116422,21.714979983317505,1.449965000152588
123.0,86403.93330653985,21.70839336373795,1.5930323600769043
123.0,86320.72591801282,21.71337371410842,1.111999750137329
123.0,86226.35993615318,21.691588723580715,1.7646746635437012
123.0,86158.20921602641,21.73079298568084,2.288459539413452
123.0,86036.85254161674,21.712911059523204,1.1070196628570557
123.0,85793.81058528449,21.712911059523204,0.2563197612762451
123.0,85552.13787941045,21.712911059523204,0.3020026683807373
123.0,85483.00368177066,21.751653604678225,1.3991644382476807
123.0,85490.31606036467,21.771306169461283,2.082646608352661
123.0,85505.22072352323,21.81315480603756,2.4069037437438965
123.0,89142.09652236133,21.806360506704205,1.2589919567108154
123.0,90197.49384746113,21.795932482228054,2.2068448066711426
124.0,89947.63929386705,21.795932482228054,0.4199998378753662
124.0,89770.3927096013,21.773939502086606,2.1855928897857666
124.0,89707.34459063294,21.78847130613126,1.395035743713379
124.0,89915.14062444512,21.835420154606588,1.7696070671081543
124.0,89944.16082099953,21.863948664861077,1.7137846946716309
124.0,89760.90603082777,21.86713398262298,1.1860179901123047
124.0,89606.30494331922,21.863154371794938,1.6667263507843018
124.0,89574.62829271429,21.887631025834207,1.5868852138519287
124.0,89934.74108078626,21.869448150650154,1.3758840560913086
124.0,90012.03774305788,21.904248419326006,1.3997704982757568
124.0,89961.2257103606,21.893164029284055,1.8705832958221436
124.0,89776.81866060512,21.857737680323325,1.6458888053894043
124.0,89918.00464831963,21.874757998998238,1.7395081520080566
124.0,89726.83845406954,21.843175900428534,1.5730748176574707
124.0,89487.5668848587,21.843175900428534,0.2330002784729004
125.0,89397.92090062556,21.845555490597647,1.3407721519470215
125.0,89160.79113696341,21.845555490597647,0.2652106285095215
125.0,89088.70811832318,21.861531850212124,2.7387301921844482
125.0,88996.66334033135,21.890932138982414,1.3969972133636475
125.0,88934.10600976422,21.893080104640717,1.5493974685668945
125.0,88700.6831593449,21.893080104640717,0.23800230026245117
125.0,88468.48241809006,21.893080104640717,0.24396514892578125
125.0,88237.49421334309,21.893080104640717,0.24515056610107422
125.0,88089.78953149763,21.89184867562962,1.9482178688049316
125.0,87946.5036006974,21.890627551463805,1.4814116954803467
125.0,87845.14429502649,21.886083269999368,1.3294682502746582
125.0,88166.84458679962,21.874937696264933,1.6024911403656006
125.0,88317.50665243926,21.896942085949785,1.5492022037506104
125.0,88590.42008261076,21.902304464196906,1.4037294387817383
125.0,88475.31497375984,21.914180265573147,1.464132308959961
126.0,88517.94797609217,21.934873925648876,1.873044729232788
126.0,88464.72833611215,21.939268230893692,1.49526047706604
126.0,88408.61218758154,21.92113482696423,1.1560583114624023
126.0,88235.58659270481,21.896747250537025,1.4707765579223633
126.0,88012.20536082455,21.896747250537025,0.2480018138885498
126.0,88171.95052805076,21.94267731512657,1.4714856147766113
126.0,87949.85493478112,21.94267731512657,0.23975229263305664
126.0,87762.1447427953,21.905700256659713,1.2342019081115723
126.0,87697.82520668511,21.897475434287646,1.166175365447998
126.0,87478.58064366839,21.897475434287646,0.34998297691345215
126.0,87519.8316913939,21.920809967396732,1.705759048461914
126.0,87302.12066728596,21.920809967396732,0.23799371719360352
126.0,87230.92408648322,21.90945348154781,1.213759183883667
126.0,87015.00595755628,21.90945348154781,0.24224853515625
126.0,91024.87328879282,21.913809463966412,1.514822244644165
127.0,90800.67409350022,21.913809463966412,0.35806894302368164
127.0,90617.57586290085,21.8865420932107,1.9968011379241943
127.0,90598.86609777126,21.92715507162366,1.8737478256225586
127.0,90739.65008007322,21.92455852472896,2.0335304737091064
127.0,90576.50543943535,21.912826273839606,1.4280452728271484
127.0,90356.1246476119,21.912826273839606,0.24126720428466797
127.0,90136.8136654575,21.912826273839606,0.251997709274292
127.0,89918.5647219576,21.912826273839606,0.25300073623657227
127.0,89701.37012117993,21.912826273839606,0.24717116355895996
127.0,89604.13799234357,21.937666545727918,1.6207726001739502
127.0,89493.79591857828,21.93505953024314,1.3727648258209229
127.0,89279.18249910927,21.93505953024314,0.23703551292419434
127.0,89065.59593810662,21.93505953024314,0.2510032653808594
127.0,88853.02888336174,21.93505953024314,0.4560427665710449
127.0,89110.24335696551,21.929455627617234,1.7500724792480469
128.0,89225.25868244519,21.932229651939306,2.096193790435791
128.0,89013.82442016451,21.932229651939306,0.24222826957702637
128.0,88829.4854961726,21.905277257825468,1.4769935607910156
128.0,88619.9819926439,21.905277257825468,0.2460010051727295
128.0,88502.11695244769,21.881488328818552,1.4652924537658691
128.0,88403.90583853539,21.890308184181503,1.6170518398284912
128.0,88271.59350133092,21.901998754917663,1.7736077308654785
128.0,88171.1750845423,21.8901935161352,2.0725929737091064
128.0,88042.71233000851,21.881391488089918,1.629040002822876
128.0,87837.9618362178,21.881391488089918,0.24103093147277832
128.0,87634.16146072773,21.881391488089918,0.2520303726196289
128.0,87431.30460549454,21.881391488089918,0.25099897384643555
128.0,87543.35919066666,21.89298482828289,1.3770971298217773
128.0,87341.64638147157,21.89298482828289,0.2486119270324707
128.0,87239.61446970578,21.881344143733696,1.9209883213043213
129.0,87097.90236618304,21.86067154455919,1.4070353507995605
129.0,87043.48522934369,21.86580074459201,2.451331615447998
129.0,86933.1663487873,21.87657144351434,1.6770744323730469
129.0,91900.55698682055,21.91838444311222,1.952699899673462
129.0,91827.40661754005,21.9317044827694,1.9192779064178467
129.0,91881.13708275509,21.961780039496816,1.7277922630310059
129.0,91792.24228680649,21.97764577634804,2.2753922939300537
129.0,91747.34150891534,21.998974305009327,2.1187894344329834
129.0,91540.70335236374,21.998974305009327,0.2899956703186035
129.0,92948.92604978908,22.028485358179672,1.7491321563720703
129.0,92740.52038600032,22.028485358179672,0.2500028610229492
129.0,92533.04718603163,22.028485358179672,0.25896215438842773
129.0,92465.03159256394,22.068859815233793,1.4720022678375244
129.0,92391.45036366276,22.070325154521356,1.646186351776123
129.0,92314.02665888399,22.09926924312069,1.9357938766479492
130.0,92109.33923835431,22.09926924312069,0.24900031089782715
130.0,92098.8850695681,22.100005720380665,1.9550511837005615
130.0,91969.17272342311,22.07906853880836,2.078076124191284
130.0,91833.37216564396,22.096065059454915,1.5281052589416504
130.0,91881.5228514852,22.1102531052395,1.497002363204956
130.0,91680.02828382845,22.1102531052395,0.3379969596862793
130.0,91479.41553047215,22.1102531052395,0.2810201644897461
130.0,91428.76471595258,22.094859567215348,2.080000400543213
130.0,91265.45445585706,22.074231048418923,1.7972915172576904
130.0,91438.15943227267,22.098994156316333,1.6937940120697021
130.0,91315.65082230474,22.115628924477576,1.4655530452728271
130.0,91352.08168349092,22.124219150219524,1.868577003479004
130.0,91392.1133619287,22.14592229854596,1.6127276420593262
130.0,91290.70249945615,22.15697585856667,2.2705540657043457
130.0,91094.37840805948,22.15697585856667,0.2509956359863281
131.0,90898.89690932973,22.15697585856667,0.25400662422180176
131.0,90807.30886656579,22.185470332330183,1.5377345085144043
131.0,90686.94767266659,22.193070368207135,2.1828670501708984
131.0,90493.58531089117,22.193070368207135,0.26755714416503906
131.0,90399.28306975373,22.15677750101518,1.2215766906738281
131.0,90687.31072083305,22.190125282837656,1.6677377223968506
131.0,90495.17658794993,22.190125282837656,0.357999324798584
131.0,90532.55385386021,22.205318007566078,2.00819993019104
131.0,90440.46634947443,22.199984793570547,1.9137601852416992
131.0,90250.06536768605,22.199984793570547,0.2540011405944824
131.0,90194.49091680103,22.222676956217928,1.9050166606903076
131.0,90156.15664213151,22.23507403766997,2.1337106227874756
131.0,91406.4059373512,22.267610443844212,2.5712392330169678
131.0,91335.11972797228,22.27725806513402,2.310176372528076
131.0,91196.02882537925,22.259220680478222,1.1697933673858643
132.0,91006.43209185456,22.259220680478222,0.2509653568267822
132.0,90876.80948378306,22.24585214769573,1.3797314167022705
132.0,90688.65873951023,22.24585214769573,0.2830369472503662
132.0,90501.28547765173,22.24585214769573,0.27596592903137207
132.0,90314.68488903802,22.24585214769573,0.27349376678466797
132.0,90128.85220408115,22.24585214769573,0.26096367835998535
132.0,90012.68721420203,22.259804106412908,2.286010265350342
132.0,89828.23498630407,22.259804106412908,0.25400209426879883
132.0,89644.5371642462,22.259804106412908,0.26099610328674316
132.0,89512.05023746539,22.266262152458545,2.2819736003875732
132.0,89536.86553933755,22.292355555544816,2.404791831970215
132.0,89748.18725278486,22.325635173733207,1.9768381118774414
132.0,89737.08959446993,22.32693077874463,1.440518856048584
132.0,89555.43556695075,22.32693077874463,0.25396060943603516
132.0,89454.78860025873,22.35501333592103,1.4447205066680908
133.0,89285.37407282299,22.307461360461286,1.3187627792358398
133.0,89249.67723225348,22.322669692130525,2.070324420928955
133.0,89257.76156926648,22.330597591439624,2.256723642349243
133.0,89290.68570136672,22.314605958078566,1.7601089477539062
133.0,89144.51427750802,22.28919807303944,1.8327937126159668
133.0,89045.78154669078,22.26157862986413,1.500797986984253
133.0,89032.10044030698,22.264870114288115,1.5300195217132568
133.0,88855.0982525529,22.264870114288115,0.26158785820007324
133.0,88678.79845443275,22.264870114288115,0.2957313060760498
133.0,88562.33899790973,22.270497952098935,2.9997849464416504
133.0,88495.72817516615,22.28313948810389,1.661752462387085
133.0,88389.49821994205,22.312098391157836,2.0745978355407715
133.0,88215.50314470594,22.312098391157836,0.2559971809387207
133.0,88512.82368480029,22.338542395126826,2.075010061264038
133.0,89296.60224521928,22.376461663765486,2.486823558807373
134.0,89531.7705348689,22.38801395179422,2.8804779052734375
134.0,89636.99017828639,22.415568627579745,2.0833263397216797
134.0,89462.25920327999,22.415568627579745,0.25600194931030273
134.0,89442.3593426873,22.410905909053607,1.6567912101745605
134.0,89268.68485852674,22.410905909053607,0.2589988708496094
134.0,89095.68353128154,22.410905909053607,0.2714066505432129
134.0,89059.72942394015,22.431375547288738,2.7826263904571533
134.0,88887.79944435725,22.431375547288738,0.2600061893463135
134.0,88882.56896155229,22.44944516133732,1.3607800006866455
134.0,88866.92500959126,22.446990285603093,2.220564365386963
134.0,88819.43577058527,22.471687329966027,1.4515790939331055
134.0,88723.46767681127,22.46467091426022,1.7350959777832031
134.0,88784.20017520346,22.473431346230395,1.8005685806274414
134.0,89196.09792411563,22.47541602194204,1.764035940170288
134.0,90728.64712298747,22.461748452299084,2.084559679031372
135.0,90556.15920070044,22.461748452299084,0.25780320167541504
135.0,90529.99378679834,22.48093394613965,2.4771111011505127
135.0,90358.53546523243,22.48093394613965,0.26099085807800293
135.0,90248.43366878157,22.482368556308767,1.879615306854248
135.0,90537.27143695093,22.472804433765592,1.3646266460418701
135.0,90675.92911888055,22.49178693215353,1.4506504535675049
135.0,90728.57787045225,22.47351114856693,1.2860338687896729
135.0,91311.61334900334,22.479308011201862,2.1057965755462646
135.0,91303.76442692005,22.480726354168905,1.374765396118164
135.0,91175.16116773599,22.466975042542032,1.5489776134490967
135.0,91087.11800408235,22.48353822943884,2.440783977508545
135.0,90992.84912325646,22.489238538203395,1.4180090427398682
135.0,91177.5108301355,22.512082398586486,2.189006805419922
135.0,91008.35032766772,22.512082398586486,0.25778627395629883
135.0,90900.95251766943,22.491976829675995,2.281019926071167
136.0,90732.92857586227,22.491976829675995,0.26200175285339355
136.0,90752.33042557575,22.516156587922392,2.0852622985839844
136.0,90585.19906199275,22.516156587922392,0.27105069160461426
136.0,119675.17769947338,22.542310296172108,2.0150680541992188
136.0,119717.99668132764,22.561993546629733,1.6285765171051025
136.0,119762.51262953297,22.583665161706588,1.890028715133667
136.0,119543.56836512797,22.583665161706588,0.26299548149108887
136.0,119446.33776916539,22.596833871653125,2.3311984539031982
136.0,119228.76702641645,22.596833871653125,0.26200342178344727
136.0,119108.18329294262,22.595305433180847,1.8144001960754395
136.0,119023.18494494747,22.600034612923547,1.758026123046875
136.0,118815.97687815146,22.552809523455334,0.9860248565673828
136.0,118601.11977710598,22.552809523455334,0.262653112411499
136.0,118473.88116705818,22.553489264648586,1.3330166339874268
136.0,118543.68335645497,22.560361485815303,2.064014434814453
137.0,118453.67001772777,22.57895173457204,1.8627607822418213
137.0,118318.32797165516,22.58724361591534,1.8492279052734375
137.0,118288.83627569796,22.595489302933615,2.526014804840088
137.0,118182.39832385167,22.601661605559283,2.565242290496826
137.0,118070.97648712678,22.57747033556794,1.9960968494415283
137.0,117972.59026073011,22.593740177968783,1.936967134475708
137.0,117835.63773820605,22.611931197566584,2.313054323196411
137.0,117626.33820403517,22.611931197566584,0.2680027484893799
137.0,117417.78086679397,22.611931197566584,0.39100027084350586
137.0,117282.08663667626,22.601948150841903,1.5699994564056396
137.0,117117.20682471026,22.592019805743103,1.4215872287750244
137.0,117027.14931701307,22.590123058238284,2.3640151023864746
137.0,116910.51122191963,22.586247745304878,1.7350661754608154
137.0,116705.04459411309,22.586247745304878,0.2649705410003662
137.0,116973.76157830533,22.588343985762133,1.414980173110962
138.0,116812.54638970496,22.572296079748323,2.822585344314575
138.0,116641.6489962612,22.554376438953078,1.2407925128936768
138.0,116438.08590900768,22.554376438953078,0.3029952049255371
138.0,116350.01658055457,22.55217901037041,1.456035852432251
138.0,116180.56850038184,22.538305691385073,1.6607670783996582
138.0,115978.86612451312,22.538305691385073,0.27104830741882324
138.0,115777.86289032853,22.538305691385073,0.2819969654083252
138.0,115720.87141324693,22.551704957317174,2.039747476577759
138.0,115521.00807747275,22.551704957317174,0.30402159690856934
138.0,116241.32374956355,22.557282433793382,1.5795040130615234
138.0,116041.25262434916,22.557282433793382,0.2740309238433838
138.0,115858.7532007153,22.52418282073322,1.4050722122192383
138.0,115837.76710221583,22.54136719420568,2.006774663925171
138.0,115668.80692884621,22.518095970725103,2.300032138824463
138.0,115528.85181854662,22.514118184436473,1.974259853363037
139.0,115331.70360725217,22.514118184436473,0.2750577926635742
139.0,115135.22711047663,22.514118184436473,0.28099679946899414
139.0,114982.07490524711,22.52115179375223,2.353800058364868
139.0,114981.53537694192,22.52814838407159,2.5910589694976807
139.0,114831.82511611619,22.516225715112846,1.5717482566833496
139.0,117918.27790202765,22.517548639245568,2.240074396133423
139.0,117767.7646501056,22.526378226546598,1.9549980163574219
139.0,117655.53794430946,22.514553313224322,1.7461206912994385
139.0,117516.8664113759,22.514001637796152,2.595059871673584
139.0,117412.92133083273,22.509725232912015,1.6640307903289795
139.0,117215.91978497563,22.509725232912015,0.3803069591522217
139.0,117037.70660147922,22.485022171038263,1.2505333423614502
139.0,116945.3658997092,22.491967619347722,1.9519984722137451
139.0,116768.68317239467,22.474834895723426,1.7467479705810547
139.0,116696.36903959594,22.489149559982685,2.4972424507141113
140.0,116653.55021409134,22.48643708394327,1.953876256942749
140.0,116555.38059364611,22.483738447067324,1.5540635585784912
140.0,116447.22911683237,22.479236022810877,1.6075439453125
140.0,116365.12086147723,22.47656936140418,1.8721230030059814
140.0,116172.78181873099,22.47656936140418,0.2709982395172119
140.0,116026.73748050908,22.46125797423245,2.205610513687134
140.0,116003.33705649347,22.46586518714023,2.221694231033325
140.0,115881.73538542681,22.454256314772483,1.3950018882751465
140.0,115691.45338972003,22.454256314772483,0.28599977493286133
140.0,115725.69548248658,22.46962609431182,2.9209365844726562
140.0,115666.79218162969,22.47775807330925,1.7470247745513916
140.0,115585.38352346685,22.487635106697404,2.132619857788086
140.0,115396.82661722956,22.487635106697404,0.273038387298584
140.0,115291.84074864427,22.49568161694076,2.4580252170562744
140.0,115104.3743409229,22.49568161694076,0.27900266647338867
141.0,115041.97232928762,22.483827922505345,2.3737239837646484
141.0,114990.45843013657,22.507230070630694,2.0120131969451904
141.0,114905.96154373334,22.532271861236005,2.220608949661255
141.0,114791.39184803849,22.53792722709829,3.103515148162842
141.0,114723.722730191,22.53482049930908,2.228121280670166
141.0,114538.98243593948,22.53482049930908,0.2840402126312256
141.0,114410.44389886013,22.536956702797635,3.385054588317871
141.0,114322.64899954303,22.554726990395075,2.839085340499878
141.0,114139.43962614633,22.554726990395075,0.280031681060791
141.0,114015.84432325234,22.551601975124385,1.714738368988037
141.0,113833.71038663373,22.551601975124385,0.2821073532104492
141.0,113652.15741950991,22.551601975124385,0.37268996238708496
141.0,114201.45219244348,22.55714122649105,2.3180599212646484
141.0,114350.16573569657,22.56955590591099,2.187255620956421
141.0,114262.75650953362,22.568139060515183,2.026061534881592
142.0,114160.69000668888,22.569764478334076,1.8057916164398193
142.0,114343.28743469597,22.595196427780838,3.7802305221557617
142.0,114309.76006809338,22.60183959946343,2.140573024749756
142.0,114259.58506717498,22.611836531628857,2.810075521469116
142.0,114121.04830424514,22.596453669679132,2.374929904937744
142.0,113999.3033956325,22.592937657463107,3.072552442550659
142.0,113879.97854028977,22.58439624182964,1.805556297302246
142.0,113767.59673525521,22.589309315834672,2.696239709854126
142.0,113788.76935627701,22.607581004255124,2.023153305053711
142.0,113661.9418821184,22.604071951077696,2.901709794998169
142.0,113553.71712584444,22.600579489168243,2.700833320617676
142.0,113376.8421770503,22.600579489168243,0.27896642684936523
142.0,113294.53298322661,22.605408045382344,2.6098639965057373
142.0,113298.71604900318,22.601928874836457,2.246990919113159
142.0,113255.40733452905,22.60838470535575,3.2410929203033447
143.0,113296.4190344849,22.6029311586915,1.8489995002746582
143.0,113167.7434686058,22.58443205478174,1.9432530403137207
143.0,112993.10188917894,22.58443205478174,0.28096532821655273
143.0,113009.1268262262,22.57905976626178,2.675508499145508
143.0,112956.88001418872,22.57371246513029,2.2670722007751465
143.0,113171.01310061055,22.5813700368449,2.868051528930664
143.0,113054.69686410329,22.582517150363596,1.790137767791748
143.0,112941.62134608261,22.59173403124827,2.5808265209198
143.0,112946.63479613069,22.602519729961358,1.8490605354309082
143.0,112774.1971857549,22.602519729961358,0.3090026378631592
143.0,112602.28529980102,22.602519729961358,0.397031307220459
143.0,114893.0798857091,22.584319258594352,2.7115867137908936
143.0,114768.92306809413,22.588656885238688,2.072072982788086
143.0,114594.76688741417,22.588656885238688,0.38200950622558594
143.0,114602.28192014943,22.594574890478015,2.309926986694336
144.0,114428.90479167718,22.594574890478015,0.28400182723999023
144.0,114313.73104423293,22.584211832635724,1.7150030136108398
144.0,114213.61991677934,22.59604227898001,1.9337880611419678
144.0,114041.61145304925,22.59604227898001,0.27698206901550293
144.0,113914.54216229467,22.58730127380051,1.4957571029663086
144.0,113832.29530990544,22.573875798500886,1.5645594596862793
144.0,113715.86827566246,22.573080202174467,1.766814947128296
144.0,113646.85867690675,22.586396549849518,2.2642714977264404
144.0,113476.98295392183,22.586396549849518,0.2779810428619385
144.0,113357.71273500244,22.590268529592098,2.412036895751953
144.0,113188.77426594877,22.590268529592098,0.2819945812225342
144.0,113020.33858995778,22.590268529592098,0.29659557342529297
144.0,112939.84673028946,22.609728600312113,1.8300037384033203
144.0,112772.28019211395,22.609728600312113,0.2850017547607422
144.0,112605.21014738489,22.609728600312113,0.28400254249572754
145.0,112535.40720498173,22.603877190894373,1.7847826480865479
145.0,112490.36507263368,22.616566195095874,2.2220404148101807
145.0,112324.45007990119,22.616566195095874,0.2850050926208496
145.0,112213.9554220317,22.613804463287245,2.6665749549865723
145.0,112048.93489935223,22.613804463287245,0.28515195846557617
145.0,111922.84953856976,22.614126993858218,1.5704970359802246
145.0,113364.39243916153,22.615980658009796,2.2630391120910645
145.0,113198.41236238384,22.615980658009796,0.28300046920776367
145.0,113368.82434834004,22.627001115301468,2.094038486480713
145.0,113342.75437426545,22.637972809507772,2.7437827587127686
145.0,113295.89486537014,22.659552986757088,2.145264148712158
145.0,113193.01354679732,22.646099619248663,2.1140358448028564
145.0,113028.48881780489,22.646099619248663,0.2890055179595947
145.0,112929.40055111829,22.63270538742159,2.1567556858062744
145.0,112765.73475321812,22.63270538742159,0.3079955577850342
146.0,112688.30143948428,22.652166229368184,2.4100887775421143
146.0,112669.16545959424,22.66254936732137,2.4592177867889404
146.0,112896.8485982978,22.639986523993784,1.6182196140289307
146.0,112766.40859046858,22.62199867022437,1.7770326137542725
146.0,112680.66012610396,22.62046782141775,3.092158555984497
146.0,112593.67780278782,22.629343875529912,2.5978100299835205
146.0,112672.4449873147,22.626321219332503,2.648059368133545
146.0,112661.81396380342,22.639584290754406,2.4990732669830322
146.0,112500.6382642844,22.639584290754406,0.4010002613067627
146.0,115232.77844594589,22.6498379027872,2.685377597808838
146.0,115375.90926012423,22.66741226817523,2.7630653381347656
146.0,115293.29166489784,22.67609234649915,2.173745632171631
146.0,115291.087804847,22.677401937262275,3.609600782394409
146.0,115127.32205512421,22.677401937262275,0.2950305938720703
146.0,114964.02088908857,22.677401937262275,0.2947220802307129
147.0,114801.18233258845,22.677401937262275,0.29796338081359863
147.0,114638.80442264136,22.677401937262275,0.32900261878967285
147.0,114476.88520735515,22.677401937262275,0.5090043544769287
147.0,114401.57718681417,22.685635292620468,2.508772611618042
147.0,114240.4482048609,22.685635292620468,0.2922792434692383
147.0,114079.77246898909,22.685635292620468,0.3042891025543213
147.0,115937.97173032438,22.69383353772127,2.5540852546691895
147.0,115816.50311398276,22.68897040948209,2.46706223487854
147.0,115654.29512642816,22.68897040948209,0.29199981689453125
147.0,115492.54086751008,22.68897040948209,0.2940034866333008
147.0,115392.16502853583,22.700015390486556,2.661348581314087
147.0,115259.61982034627,22.69371851710939,2.858797311782837
147.0,115099.09110193353,22.69371851710939,0.2929997444152832
147.0,114939.00891681261,22.69371851710939,0.2943456172943115
147.0,114871.77197117485,22.693201098662723,1.6189684867858887
148.0,114842.40203084234,22.68523847803035,2.7030014991760254
148.0,114795.91973931908,22.673041958901635,2.2018187046051025
148.0,114788.55393117895,22.663735659078824,2.1540865898132324
148.0,114650.99327230484,22.654468379381058,2.049762010574341
148.0,115015.92787620529,22.65796180186002,2.012006998062134
148.0,114900.4649553038,22.654387656023037,2.2638094425201416
148.0,114742.4175482126,22.654387656023037,0.29099345207214355
148.0,114620.68787299997,22.64519777182974,2.569013833999634
148.0,114532.9118096476,22.66835491530574,3.409102439880371
148.0,114434.8487389075,22.675995986749818,2.8040854930877686
148.0,114426.59814707411,22.691998904800865,3.3606317043304443
148.0,114363.49077577183,22.70793569509137,2.3227806091308594
148.0,114298.64361975556,22.708482163705558,2.6771175861358643
148.0,114191.3880622862,22.709026383477713,3.311271905899048
148.0,114224.76513412104,22.71095579264644,3.15142822265625
149.0,114327.7760800351,22.729055522909615,4.370453357696533
149.0,114226.14481988792,22.72786655661882,3.7885921001434326
149.0,114211.546504411,22.745857898668728,3.656100273132324
149.0,114056.99772700315,22.745857898668728,0.4340019226074219
149.0,113932.55679646732,22.725503153156875,2.670058012008667
149.0,113862.48615662316,22.727056872125882,2.9295783042907715
149.0,113709.03267123687,22.727056872125882,0.40200281143188477
149.0,113614.27388747896,22.728604287975333,3.343593120574951
149.0,113564.01250230121,22.72335251449344,3.2915778160095215
149.0,113411.57758619073,22.72335251449344,0.3580033779144287
149.0,113318.80972612344,22.7235453214264,4.173249006271362
149.0,113167.11118566009,22.7235453214264,0.40200281143188477
149.0,113276.98191233417,22.71967803071287,2.8722314834594727
149.0,113227.00676969101,22.703672844878724,3.1154472827911377
149.0,113076.03742733142,22.703672844878724,0.5085148811340332
150.0,113038.42584781584,22.715646728055,3.922215700149536
150.0,113064.99769189996,22.73959666781174,3.572749614715576
150.0,113035.50463402072,22.743450807809452,3.8406946659088135
150.0,112905.7375073385,22.72067612223165,3.267599582672119
150.0,112756.19348414998,22.72067612223165,0.5005667209625244
150.0,112737.8281842577,22.74314489489653,4.390368938446045
150.0,112655.94008912059,22.74829437489342,3.6426801681518555
150.0,112507.31747686582,22.74829437489342,0.4759955406188965
150.0,112359.08649204782,22.74829437489342,0.46604084968566895
150.0,112262.98630422977,22.74416416118662,3.6417148113250732
150.0,112115.46595428992,22.74416416118662,0.36603498458862305
150.0,112199.67381078751,22.765132813012652,3.13067364692688
150.0,112052.62312427272,22.765132813012652,0.38904380798339844
150.0,112538.47915203945,22.75835060060222,2.8633415699005127
150.0,112705.81918518276,22.788413025453103,3.861792802810669
151.0,112558.68365099846,22.788413025453103,0.3809986114501953
151.0,112496.93836694398,22.7878778744018,2.9551353454589844
151.0,112350.45797844535,22.7878778744018,0.3520090579986572
151.0,112274.43959776982,22.78604374230231,3.475130081176758
151.0,112128.62863725323,22.78604374230231,0.4460456371307373
151.0,111983.19591528532,22.78604374230231,0.3749988079071045
151.0,111912.65753661674,22.79590359680059,4.139154672622681
151.0,111926.00768343634,22.812204818361778,4.615707874298096
151.0,111781.4004383673,22.812204818361778,0.483569860458374
151.0,111709.53312034481,22.80904045930274,3.1717615127563477
151.0,111637.22891781644,22.808470314725913,3.5068678855895996
151.0,111541.42384446693,22.785999123735582,3.168696641921997
151.0,111398.05440507816,22.785999123735582,0.4779958724975586
151.0,111273.03756042248,22.77261667832075,2.5872433185577393
151.0,111260.73140002476,22.777254171025376,5.830360412597656
152.0,111210.89462523918,22.77900843863716,4.458635568618774
152.0,111125.91948731484,22.78583620125308,4.289722442626953
152.0,111021.5689850119,22.773623353892386,3.088306427001953
152.0,111058.07247059581,22.784230758373766,2.5398263931274414
152.0,111065.99560415375,22.782169905316984,2.8153510093688965
152.0,110987.97747554036,22.77381527452438,2.2378926277160645
152.0,110915.06469356167,22.779329766804146,2.9223220348358154
152.0,110873.76457394722,22.777290065561754,3.0727951526641846
152.0,110795.85989559237,22.777764400273966,2.5263352394104004
152.0,110806.86131996961,22.774484680081326,3.327812433242798
152.0,110893.65036165345,22.769969029534884,2.525726795196533
152.0,110981.94180442765,22.76173244544785,2.326751470565796
152.0,110883.48512130544,22.751039686870243,2.5052173137664795
152.0,111138.66671778525,22.767696116458076,3.349430561065674
152.0,111021.97042825117,22.75579342776616,1.7930376529693604
153.0,111140.10998749355,22.76707609037307,2.0670721530914307
153.0,111113.07736980125,22.752565027799314,1.9927136898040771
153.0,111088.62030896942,22.75401979696955,3.3273069858551025
153.0,110975.42447755342,22.744474075523872,1.9880781173706055
153.0,110836.70519695646,22.744474075523872,0.29799723625183105
153.0,110698.33228160447,22.744474075523872,0.3370344638824463
153.0,110633.56158873223,22.736183365671717,2.5935592651367188
153.0,110567.84150774905,22.74861461583971,3.331611156463623
153.0,110430.31931681902,22.74861461583971,0.3249673843383789
153.0,110293.13879592855,22.74861461583971,0.32999515533447266
153.0,110225.93744372144,22.75371049216423,3.9162731170654297
153.0,110191.06822254857,22.747874003565137,2.8758623600006104
153.0,110318.84701969329,22.761424902590246,3.61440110206604
153.0,110182.4825610781,22.761424902590246,0.3289988040924072
153.0,110193.34839301235,22.765260718495238,2.9367129802703857
154.0,110138.39962848487,22.76878482173662,3.3021767139434814
154.0,110078.53521925188,22.771100087306117,3.178051710128784
154.0,110150.57882899712,22.788924411534474,3.850722312927246
154.0,110015.25870758558,22.788924411534474,0.303966760635376
154.0,110026.64840056632,22.792385696422162,2.7745659351348877
154.0,109891.81182164406,22.792385696422162,0.42496609687805176
154.0,109757.30532002638,22.792385696422162,0.30899906158447266
154.0,110377.27263955015,22.799402163321346,3.158719301223755
154.0,110305.12753130923,22.796896074226737,3.169266700744629
154.0,110170.60908310032,22.796896074226737,0.3019685745239258
154.0,110070.60697914673,22.7943991314427,2.7267837524414062
154.0,110222.52433035879,22.800190801465614,2.819542407989502
154.0,111125.86282974228,22.816587148768736,3.3855016231536865
154.0,111077.08762748286,22.822317527761946,1.944011926651001
154.0,111253.20101696019,22.832732584000475,2.941744089126587
155.0,111257.5847112525,22.834610043598907,4.053540945053101
155.0,111189.67422709649,22.837645276430422,2.797961473464966
155.0,111055.3871809285,22.837645276430422,0.34600090980529785
155.0,110999.29666869894,22.84299447703668,2.6353201866149902
155.0,111107.28296983187,22.851805522013002,2.972080945968628
155.0,111085.47498624962,22.84900214150785,2.514343500137329
155.0,111013.29565720385,22.849677418049257,3.1290857791900635
155.0,110910.3278341383,22.83765479701172,2.9373443126678467
155.0,110879.69581218157,22.849868662293552,3.1533613204956055
155.0,110746.90575731668,22.849868662293552,0.30296969413757324
155.0,110614.43338200888,22.849868662293552,0.30900096893310547
155.0,110559.57094458271,22.858588924007595,3.144017457962036
155.0,110626.57776886324,22.861538283630818,3.2216949462890625
155.0,110494.72249142718,22.861538283630818,0.30696916580200195
155.0,110680.64793350952,22.86676903554782,3.509437084197998
156.0,110633.83531665991,22.880780492522433,3.489583969116211
156.0,110624.49639093335,22.88906955813585,3.338489532470703
156.0,110820.78318858525,22.904124658581292,3.6895318031311035
156.0,110889.14819797708,22.913473871185435,3.131112813949585
156.0,110824.33198275446,22.931818694182173,2.6343939304351807
156.0,110693.33395440606,22.931818694182173,0.31896090507507324
156.0,110562.64524843862,22.931818694182173,0.3080012798309326
156.0,110506.35122526446,22.937706624916565,3.185896158218384
156.0,110593.20816284775,22.94807232179593,3.2787976264953613
156.0,110711.66672053597,22.97187335369902,3.1650571823120117
156.0,110785.88167599755,22.994470491013246,2.32861590385437
156.0,111262.3958357432,22.99797054251235,3.5497987270355225
156.0,111305.57701024623,23.011509323395135,3.469799518585205
156.0,111598.19254381131,23.0149675680501,3.0919227600097656
156.0,111525.24733542126,23.025091155338473,3.6601085662841797
157.0,111394.96083152473,23.025091155338473,0.30796384811401367
157.0,111324.99863222154,23.033757336537203,2.499551773071289
157.0,111313.50686911434,23.041291554003138,3.1542978286743164
157.0,111280.23497728661,23.03999915689877,2.1775155067443848
157.0,111185.16066654156,23.04200574741455,2.3377997875213623
157.0,111056.02575287543,23.04200574741455,0.30896615982055664
157.0,111108.85343654346,23.05716087307814,2.96025013923645
157.0,111150.4835169621,23.03833741939248,1.8433279991149902
157.0,111065.74834293859,23.02831874839747,2.397589683532715
157.0,110999.68912778328,23.029240940576397,2.384044885635376
157.0,110930.30602372106,23.032337561756968,2.698338270187378
157.0,111037.47352260762,23.034336681371805,3.110682725906372
157.0,110960.57547486477,23.042839476986174,3.0840368270874023
157.0,111306.81760617187,23.055646294895453,2.6171717643737793
157.0,111228.54436697463,23.054351468640238,2.0770068168640137
158.0,111196.83732741023,23.056040081255073,3.2571067810058594
158.0,111069.31801854853,23.056040081255073,0.31299805641174316
158.0,111166.13095903587,23.047013818828823,3.2949960231781006
158.0,111107.53106880403,23.042294478859453,3.128739595413208
158.0,111101.71710813089,23.038658359922703,3.520787239074707
158.0,111057.17030946519,23.03609999120528,2.2025976181030273
158.0,111059.9536301568,23.049505971434932,2.9051551818847656
158.0,110933.461655635,23.049505971434932,0.31200194358825684
158.0,110807.25748992892,23.049505971434932,0.31400179862976074
158.0,110681.34015187218,23.049505971434932,0.31473350524902344
158.0,110803.00389213172,23.054371510222133,3.8752710819244385
158.0,110774.26336130773,23.06664182064964,3.100822925567627
158.0,110741.48659759524,23.07675433273991,2.9442989826202393
158.0,110775.5657137977,23.074153720067176,2.8688197135925293
158.0,110780.36106453699,23.07894574234808,3.5070385932922363
159.0,110933.30049436813,23.10751916428601,3.520275831222534
159.0,110841.87558949461,23.101521383856813,4.014337539672852
159.0,110820.0800820391,23.116403556848947,2.9750123023986816
159.0,110845.39877235254,23.122906241617795,2.2909908294677734
159.0,110720.85338047349,23.122906241617795,0.42442989349365234
159.0,110596.58755176365,23.122906241617795,0.32697129249572754
159.0,110472.60034598813,23.122906241617795,0.3241724967956543
159.0,110963.23001540803,23.13770387047151,3.024834394454956
159.0,110839.11007131921,23.13770387047151,0.3256678581237793
159.0,110748.24874580809,23.12962019033986,2.4990875720977783
159.0,110755.80538497656,23.131924443546534,2.915213108062744
159.0,110674.8433582811,23.13111783991235,2.6327264308929443
159.0,110589.8720036073,23.128248430977752,2.1691503524780273
159.0,110545.24901780413,23.137760839468058,3.28902006149292
159.0,110486.96396876658,23.13900733738903,3.5576670169830322
160.0,110402.4363785947,23.132856998602445,2.609628915786743
160.0,110343.09811654691,23.125707150317613,1.9200830459594727
160.0,110280.0374642899,23.126723913916447,2.7127678394317627
160.0,110282.7169922347,23.130786151454792,2.7443315982818604
160.0,110211.19455649948,23.135849810299835,3.8385796546936035
160.0,110089.54864639297,23.135849810299835,0.31696605682373047
160.0,110003.00455289886,23.12570256587471,2.896742343902588
160.0,109962.94063007535,23.124690102175887,3.284048080444336
160.0,109961.63363380836,23.130748761138445,3.2837812900543213
160.0,110237.97685262623,23.138804005072092,2.839128017425537
160.0,110195.77563009277,23.138781776400478,2.804734230041504
160.0,110100.22132594498,23.124692095087937,1.7845122814178467
160.0,109979.6296267928,23.124692095087937,0.31496381759643555
160.0,109927.2288608867,23.123689379044457,3.472797155380249
160.0,109893.0290409945,23.134709107603683,3.134395122528076
161.0,109888.20753475656,23.13744512582655,2.400087594985962
161.0,109768.37306634353,23.13744512582655,0.44100046157836914
161.0,109705.65522154712,23.13223479239474,3.8686227798461914
161.0,109586.28018866185,23.13223479239474,0.318997859954834
161.0,109467.16466671767,23.13223479239474,0.3227660655975342
161.0,109414.00202256764,23.140909742600535,2.308962345123291
161.0,109764.052685086,23.15252418983954,3.0919015407562256
161.0,109645.1317179299,23.15252418983954,0.42299532890319824
161.0,109526.4681554646,23.15252418983954,0.33202266693115234
161.0,109519.69533394543,23.160151831125972,3.3551371097564697
161.0,109443.82477182665,23.163811651250082,3.3194587230682373
161.0,109386.13002912528,23.170412888802122,3.8101119995117188
161.0,109268.25704418009,23.170412888802122,0.35321688652038574
161.0,109257.36896931776,23.17601045469668,3.3238184452056885
161.0,109401.03507433448,23.193365083809685,4.319189548492432
162.0,109321.22406889612,23.194754214709153,3.4145610332489014
162.0,109286.83692474087,23.194194768973926,3.474595546722412
162.0,109272.23711059778,23.203342804995998,4.211602687835693
162.0,109155.24328071492,23.203342804995998,0.32396674156188965
162.0,109295.35800149215,23.21343116735806,3.0486807823181152
162.0,109178.58945661875,23.21343116735806,0.3199641704559326
162.0,109152.7859046677,23.207039899805988,3.124738931655884
162.0,109141.91170197644,23.216124885375955,4.076275587081909
162.0,109188.38738698981,23.230004011230204,3.3241000175476074
162.0,109182.10519985177,23.24095082803054,4.622284650802612
162.0,109192.62522455353,23.247056035194298,2.843024730682373
162.0,109223.44660390966,23.253142252600153,2.6527535915374756
162.0,109143.55293459639,23.24866589874576,4.132423162460327
162.0,109027.93476411482,23.24866589874576,0.3210930824279785
162.0,109030.87579181566,23.262386983293595,3.3898098468780518
163.0,108915.62116624293,23.262386983293595,0.3272378444671631
163.0,108905.66490836543,23.262465151176396,3.1530706882476807
163.0,108901.53510093685,23.254957334830618,2.616302967071533
163.0,108888.50188686771,23.273035062945656,4.662294149398804
163.0,108838.39924184258,23.278768237009952,3.5745737552642822
163.0,108723.95297555253,23.278768237009952,0.3269944190979004
163.0,108744.02488475009,23.28259608766939,4.25301194190979
163.0,108691.59621272405,23.282642612013344,3.114522695541382
163.0,108660.27458827666,23.289275617153187,3.648329257965088
163.0,108859.25869212823,23.29964632783634,3.2640702724456787
163.0,108804.96551298133,23.306233048991313,3.1545023918151855
163.0,108691.27171411719,23.306233048991313,0.3250312805175781
163.0,108634.63760928335,23.302496656100523,3.1869125366210938
163.0,108554.60709965287,23.309058950775963,4.70001745223999
163.0,108698.61200612436,23.306263416053376,3.434164047241211
164.0,108627.56789604134,23.299570673816806,2.177880048751831
164.0,109360.69541804658,23.30030044184573,3.7080259323120117
164.0,109648.04432514656,23.30564736283185,4.16754937171936
164.0,109715.43154036133,23.31559048146673,4.228544473648071
164.0,109761.83514507703,23.322740315313162,5.061155557632446
164.0,109673.61675502709,23.312394424391343,2.0420377254486084
164.0,109560.20039850689,23.312394424391343,0.32396459579467773
164.0,109731.70781292875,23.31309938430171,2.8743133544921875
164.0,109774.96783443744,23.312885297569405,3.145045280456543
164.0,109725.10196967199,23.327320648876796,3.2410800457000732
164.0,110036.09624455642,23.328914236963097,3.94419002532959
164.0,110024.41708429116,23.326851819710452,2.658132314682007
164.0,109984.96076755879,23.32388412403769,2.94297194480896
164.0,109911.70435470676,23.317284952247174,2.809812545776367
164.0,109817.0001950698,23.306161813028602,3.3657236099243164
165.0,110156.64359055871,23.320181323317655,4.583043336868286
165.0,110109.76263197215,23.318850061952013,3.0517470836639404
165.0,110033.4105701446,23.31572435149232,4.004927396774292
165.0,110149.6941486598,23.3188929753487,3.4562342166900635
165.0,110135.34253693443,23.32653492136867,4.266566038131714
165.0,110100.20185435751,23.32251649549672,4.305596113204956
165.0,109988.08352253026,23.32251649549672,0.4259984493255615
165.0,110018.83328916403,23.33460002797409,3.1949198246002197
165.0,109969.20433184311,23.331474138701846,4.054936408996582
165.0,109923.48081644277,23.327466177624434,3.29069185256958
165.0,109925.70223134883,23.335929383077126,3.270066261291504
165.0,109860.59680067751,23.337258554425144,3.0580661296844482
165.0,109901.85413700434,23.340358535245233,3.7688004970550537
165.0,109834.18081137595,23.336361023652856,3.105945587158203
165.0,109816.53035813896,23.33414470364487,5.451354265213013
166.0,109705.71650308535,23.33414470364487,0.3309671878814697
166.0,109680.46112928179,23.33789028637692,3.3550100326538086
166.0,109662.7570763916,23.345132444638452,3.706777811050415
166.0,109635.5463213494,23.35060235930458,3.4981579780578613
166.0,109622.54707403129,23.35867936988702,3.311335802078247
166.0,109578.03988363728,23.356256279478416,3.653357982635498
166.0,109468.13212046411,23.356256279478416,0.33096790313720703
166.0,109418.53095040878,23.359942760199623,4.666093826293945
166.0,109390.29214688507,23.367100722991314,6.066457986831665
166.0,109401.25837604387,23.37597658383715,2.6080708503723145
166.0,109323.76147323441,23.371806484596526,3.4614806175231934
166.0,109429.70793718273,23.38325036189181,3.560114622116089
166.0,109382.18385320198,23.38167838813407,4.928804874420166
166.0,109349.16463297517,23.389618107305473,4.9037110805511475
166.0,109304.8255858373,23.39839812762331,4.530603885650635
167.0,109238.44542200085,23.40261687907052,3.491525888442993
167.0,109159.90237183374,23.396558393024286,6.587311267852783
167.0,109124.54324546887,23.387954557172723,3.614016532897949
167.0,109076.15893014193,23.385346197728804,4.33114767074585
167.0,109087.85619034381,23.39296663694976,2.562816858291626
167.0,109057.84302860692,23.392059711354612,3.8825554847717285
167.0,108950.0783615826,23.392059711354612,0.3324737548828125
167.0,108953.45093554832,23.392854088797208,3.856605052947998
167.0,108922.53496812984,23.39364621587877,3.549809694290161
167.0,108885.42699983242,23.384272553714688,3.996565103530884
167.0,108914.90483221336,23.389303394436038,3.6638388633728027
167.0,108807.81053051009,23.389303394436038,0.33702611923217773
167.0,108795.50971735097,23.393475470592293,4.12728214263916
167.0,108749.76724821095,23.391732108834773,4.374142646789551
167.0,108703.842724905,23.395046835818142,3.7614364624023438
168.0,108597.37471048297,23.395046835818142,0.3360257148742676
168.0,108543.94013691213,23.3897769064741,3.1493797302246094
168.0,108525.60831865433,23.397879136151786,3.850255250930786
168.0,108505.1605155626,23.395121002107558,4.177940368652344
168.0,108399.30182237668,23.395121002107558,0.34203386306762695
168.0,108358.78665691405,23.405690596443606,3.872586488723755
168.0,108593.63455215203,23.417062004894966,3.8737893104553223
168.0,108563.00865445413,23.42425080066419,3.823042392730713
168.0,108687.7439832362,23.433906639182965,5.1064441204071045
168.0,108634.21513938565,23.43277331648458,3.3099007606506348
168.0,108632.31196644087,23.43908361809529,3.2837042808532715
168.0,108711.4604107549,23.43959740476856,3.8028206825256348
168.0,108606.2218237164,23.43959740476856,0.3340022563934326
168.0,108526.85164393831,23.43021661427257,3.28273606300354
168.0,108475.66296787861,23.4307412438649,4.283159494400024
169.0,108805.01044750192,23.44332914090131,3.964832067489624
169.0,108700.08758303952,23.44332914090131,0.3452017307281494
169.0,108657.95480148015,23.43711063345538,3.6858768463134766
169.0,108587.62039145727,23.430909256883957,4.457728147506714
169.0,108582.8180995905,23.44670063700317,3.5168983936309814
169.0,108478.51183820762,23.44670063700317,0.4459993839263916
169.0,108484.53752506048,23.45350787083133,3.7291269302368164
169.0,108508.75759152991,23.45380297533397,2.644270896911621
169.0,108652.61057492263,23.467066388620573,4.619770288467407
169.0,108548.63678489877,23.467066388620573,0.35464024543762207
169.0,108758.82882356131,23.464104293900068,5.212253093719482
169.0,108805.44281837362,23.477317395512987,5.899183511734009
169.0,108746.49425889671,23.471120388483094,2.8012259006500244
169.0,108749.3982662354,23.47945101304452,4.185067176818848
169.0,108784.14103259126,23.483733690489238,3.345059633255005
170.0,108680.63566529099,23.483733690489238,0.340024471282959
170.0,108658.2774258694,23.482197287616927,3.9992470741271973
170.0,108668.25047491567,23.475078016015882,6.500760316848755
170.0,108822.12091324203,23.47913697295257,3.6215474605560303
170.0,108876.56071038339,23.491144827084533,4.593249559402466
170.0,108773.45790668037,23.491144827084533,0.3420073986053467
170.0,108693.18711976524,23.4824525010066,3.5095865726470947
170.0,108670.83969106691,23.466639077769546,3.1370198726654053
170.0,108637.44808535097,23.47385860652156,6.567346572875977
170.0,108534.95992677989,23.47385860652156,0.34473371505737305
170.0,108476.8867866821,23.45414080141422,2.857571601867676
170.0,108462.50486004,23.462148360425598,4.5618650913238525
170.0,108833.87559914202,23.463028224450294,4.716214656829834
170.0,108792.74384763096,23.461540172107156,4.374653577804565
170.0,108993.17020188597,23.461631030999524,2.9974756240844727
171.0,109075.72314305445,23.477173929752524,4.934090614318848
171.0,109111.16743320199,23.473936890565874,4.890726089477539
171.0,109083.8284127604,23.4839638441075,3.585115909576416
171.0,109134.03825071882,23.494742783553985,4.6799702644348145
171.0,109152.3277401938,23.484496415070815,3.780783176422119
171.0,109235.01619586698,23.49679925915664,4.50717568397522
171.0,109197.0431591682,23.505967107254765,4.608158826828003
171.0,109199.89997979083,23.518983486362156,5.061431884765625
171.0,109221.2422416685,23.51185342218808,6.169257402420044
171.0,109119.64108609485,23.51185342218808,0.3470003604888916
171.0,109119.60546184907,23.514784915886707,4.756334543228149
171.0,109085.5648437565,23.524652154845676,4.215721845626831
171.0,109195.31176378016,23.54296868769146,4.967222213745117
171.0,109269.88072949607,23.542000330923255,4.1953370571136475
171.0,109274.01934729486,23.543339888318588,4.966149091720581
172.0,109286.94473366786,23.542199571673354,6.036403179168701
172.0,109400.46151911694,23.566207783396298,3.937302827835083
172.0,109413.40894237501,23.56427953139685,3.8182404041290283
172.0,109449.52313891513,23.570716253699626,4.423092603683472
172.0,109448.30373037604,23.574100162895412,5.468334674835205
172.0,109347.52260355248,23.574100162895412,0.3582887649536133
172.0,109316.93997719511,23.569895126450056,6.230295658111572
172.0,109321.8002010889,23.57402831775222,4.778369426727295
172.0,109278.71378620168,23.575882637234987,4.038541793823242
172.0,109178.4580854804,23.575882637234987,0.3592085838317871
172.0,109111.63843586274,23.564896139095417,3.309018135070801
172.0,109463.32974739466,23.575052368275852,4.74990439414978
172.0,109481.56220410357,23.591207108249467,5.943236589431763
172.0,109659.96818336242,23.59378173727998,4.597306966781616
172.0,109765.83861077386,23.58282889145632,4.983322381973267
173.0,109855.57706294348,23.589691994956436,3.8530852794647217
173.0,110106.13115113777,23.59132317966587,5.457208156585693
173.0,110047.30458626612,23.59071837156236,4.324151277542114
173.0,110020.11327905499,23.593087018914545,4.562270641326904
173.0,109946.251151562,23.579867135306,2.592072010040283
173.0,109964.64321266841,23.587431111781413,5.274600028991699
173.0,110097.02764277978,23.603857173060952,5.810790777206421
173.0,110033.74381006516,23.602501029107106,5.731886148452759
173.0,109990.12749590325,23.604839502903346,4.149839401245117
173.0,109960.97780121792,23.59390080676967,3.642794370651245
173.0,109950.4581364862,23.593298878714215,4.2254180908203125
173.0,109969.91454873914,23.584608938385504,4.445928335189819
173.0,110022.15231435801,23.58989617574446,5.665847301483154
173.0,109922.94388125218,23.58989617574446,0.3480384349822998
173.0,109823.91420207989,23.58989617574446,0.35399818420410156
174.0,109766.8821157605,23.578193028430007,2.3867835998535156
174.0,109805.30602260688,23.58400130030808,4.626778602600098
174.0,109772.09327762708,23.57961008667318,3.6382126808166504
174.0,109756.11446855235,23.590487833777228,5.246945142745972
174.0,109803.90883183881,23.595532933603963,6.36778712272644
174.0,109741.80334072805,23.595492183865254,3.7191989421844482
174.0,109757.02499133193,23.60630882852786,3.9390532970428467
174.0,109772.88766314086,23.611314989619718,5.531763792037964
174.0,109803.40062890922,23.622084578886497,5.889546871185303
174.0,109840.63955918106,23.63138495301414,4.555195331573486
174.0,110145.74343137801,23.634180296388205,4.304241895675659
174.0,110083.19330389447,23.630495033404507,4.8933022022247314
174.0,110084.18641239851,23.628974155992065,6.533383369445801
174.0,109986.24674477182,23.628974155992065,0.35199809074401855
174.0,109888.48119210982,23.628974155992065,0.39496397972106934
175.0,109790.88929051824,23.628974155992065,0.3640024662017822
175.0,109738.62159196667,23.621590025602913,4.590254068374634
175.0,109730.62475755361,23.61992434512924,4.680079460144043
175.0,109748.1937861776,23.61968604759928,7.91350531578064
175.0,109706.22048307514,23.622291271065308,4.485203504562378
175.0,109773.66262384059,23.62489002192645,4.967863321304321
175.0,109676.68942364285,23.62489002192645,0.36099958419799805
175.0,109722.46909075532,23.628900261176096,6.11228609085083
175.0,109687.29904802518,23.63006820208099,5.309351205825806
175.0,109590.65825591238,23.63006820208099,0.35796666145324707
175.0,109539.3907282037,23.628404397729057,4.07809591293335
175.0,109443.05001516218,23.628404397729057,0.3580050468444824
175.0,109346.87861796081,23.628404397729057,0.3600006103515625
175.0,109359.31465850599,23.633101761178803,4.40460205078125
175.0,110319.05538050414,23.642020330433077,4.653882741928101
176.0,110222.3690918271,23.642020330433077,0.36499691009521484
176.0,110308.53501542771,23.64929953415073,5.720671653747559
176.0,110236.39589556008,23.649563495763406,5.359703540802002
176.0,110274.03329223231,23.65751438489978,5.237631320953369
176.0,110211.4394078474,23.644505376832555,3.1666393280029297
176.0,110115.2688673519,23.644505376832555,0.35899901390075684
176.0,110034.08767403747,23.637105537552564,4.049705743789673
176.0,110088.31264499639,23.64225725759344,5.283358097076416
176.0,110179.20183465086,23.646005468360823,3.4270224571228027
176.0,110218.44807756474,23.63863093400297,5.435922861099243
176.0,110181.08123536987,23.629193156194773,2.8367817401885986
176.0,110245.74763718035,23.63363649048323,4.976806640625
176.0,110252.54716683419,23.633916636491943,3.8825323581695557
176.0,110227.0494791737,23.63972585093549,8.34161639213562
176.0,110203.54371887221,23.64690170597136,4.030076742172241
177.0,122691.85802844868,23.651800630866067,5.6279990673065186
177.0,122913.0365764889,23.655318051090934,5.192134857177734
177.0,122926.6212690906,23.67455861349745,4.513074159622192
177.0,122904.97612330398,23.683505273369498,5.68186092376709
177.0,123147.57398223887,23.693112655985107,5.190879821777344
177.0,123069.2898130215,23.691792701100326,3.9337921142578125
177.0,122963.3782038881,23.691792701100326,0.36858558654785156
177.0,122977.46473313616,23.701366948543694,5.468286514282227
177.0,122957.85713471493,23.701399976956182,6.490655422210693
177.0,122920.91443665345,23.69396334752929,3.1332895755767822
177.0,122884.04609441747,23.693326947121587,4.215740919113159
177.0,122916.18675947496,23.698788890315228,5.223613977432251
177.0,122810.95029820828,23.698788890315228,0.3617691993713379
177.0,122853.57061056387,23.70694420251398,4.38399600982666
177.0,122939.60086265068,23.724541253822032,5.018272399902344
178.0,122992.72418448102,23.740495985520443,3.0782604217529297
178.0,122887.78158705399,23.740495985520443,0.3670053482055664
178.0,122849.28558913016,23.74568619035926,5.549208641052246
178.0,122767.62667197903,23.73814154691077,3.0954532623291016
178.0,122686.58071595829,23.733290094293398,3.779122829437256
178.0,122629.28301349905,23.73446228338888,3.6569955348968506
178.0,122666.21026278226,23.73496446995349,3.211862564086914
178.0,122673.64185472134,23.7281347708075,6.160097360610962
178.0,122586.41139777271,23.711336698564544,4.188428163528442
178.0,122575.73470334774,23.712529319185887,11.168411016464233
178.0,122528.699292962,23.70840661207233,7.143574476242065
178.0,122591.87045464797,23.712252994035453,7.404146909713745
178.0,122619.67997374773,23.72205278049309,6.439224004745483
178.0,122599.99114519003,23.729182613376935,6.084232330322266
178.0,122496.53123705063,23.729182613376935,0.46000003814697266
179.0,122504.06878807231,23.72887026577395,8.636356115341187
179.0,122441.85050261724,23.722650387894006,7.253370761871338
179.0,122371.55239525904,23.72037933051057,8.489496231079102
179.0,122328.37493647699,23.714838924974007,4.8628222942352295
179.0,122292.5944196931,23.716507339352805,8.914901971817017
179.0,122266.4313132194,23.714251435443863,5.9281487464904785
179.0,122266.59727465239,23.715263998704554,7.5578131675720215
179.0,122255.19830285423,23.720837343060477,8.442631959915161
179.0,122299.01739788952,23.727048813907267,6.8712499141693115
179.0,122412.50314057327,23.72739258288842,4.859808921813965
179.0,122310.15154931862,23.72739258288842,0.5994641780853271
179.0,122280.12274572928,23.723188326214796,6.190920352935791
179.0,122432.55370607611,23.736512765703814,5.4760589599609375
179.0,122381.07637286509,23.73814055229171,5.189220905303955
179.0,122327.65636358382,23.746238022084235,6.820641994476318
180.0,122278.16540351324,23.740616090217106,4.405158042907715
180.0,122351.7890065894,23.73500715703638,2.9631121158599854
180.0,122363.5336284787,23.742883078974625,3.6373002529144287
180.0,122338.44934174503,23.75010005350868,4.886932611465454
180.0,122236.92365764399,23.75010005350868,0.3780021667480469
180.0,122208.61626155114,23.754740235218666,5.7769951820373535
180.0,122176.28770736554,23.751058779891093,4.859683513641357
180.0,122075.14839634953,23.751058779891093,0.48407983779907227
180.0,122104.5589133651,23.758241470948686,5.34283447265625
180.0,122070.80152634135,23.76030497736041,5.107166051864624
180.0,121969.9998735533,23.76030497736041,0.38196730613708496
180.0,121869.36456012627,23.76030497736041,0.37096571922302246
180.0,122112.15449500634,23.761726645964348,6.034760475158691
180.0,122318.64753780412,23.765054183216016,5.121505975723267
180.0,124073.73043098023,23.769645400143432,4.5807249546051025
181.0,124025.29294230635,23.76963084091738,4.940726041793823
181.0,123995.17029528985,23.768354930941058,3.541813850402832
181.0,123954.40194152715,23.761412175046082,3.3637638092041016
181.0,123963.10706663525,23.763294808834054,4.40417742729187
181.0,123861.49796248227,23.763294808834054,0.3789675235748291
181.0,123825.3835077395,23.762030461726912,5.403522968292236
181.0,123919.12499004364,23.772069841978215,5.818818092346191
181.0,123903.11460860362,23.780832206183895,5.161244869232178
181.0,123801.88657379267,23.780832206183895,0.4060029983520508
181.0,123792.60481135125,23.7870690947889,6.56213116645813
181.0,123770.72259445197,23.795794625493762,5.071094512939453
181.0,123686.01986577555,23.786375868292605,2.626220464706421
181.0,123818.22132653491,23.79133679452065,9.324963331222534
181.0,123753.12754363913,23.796286522269618,5.451213836669922
181.0,123835.85620637875,23.796864995485997,4.596620798110962
182.0,123831.98856633712,23.800385504413462,4.492940425872803
182.0,123812.41872076599,23.808842530076305,5.756377458572388
182.0,123712.00313380672,23.808842530076305,0.37996768951416016
182.0,123745.5050593527,23.822836792698396,5.712366104125977
182.0,123878.29665445963,23.828166300867565,6.4078755378723145
182.0,123778.07149535407,23.828166300867565,0.3830068111419678
182.0,123742.93221017726,23.826708123991562,6.233566999435425
182.0,123785.35464979098,23.833867219283597,3.7097034454345703
182.0,123775.09056255904,23.839166504912395,5.9680938720703125
182.0,123814.63428441416,23.84506785979057,6.010308265686035
182.0,123864.5062084601,23.845437007464717,3.614053249359131
182.0,123823.69244060981,23.84519278964856,5.408782243728638
182.0,123794.88505478408,23.846784696647532,4.602559804916382
182.0,123695.37148158893,23.846784696647532,0.37473177909851074
182.0,123741.44661265961,23.858151937325275,4.752403736114502
183.0,123654.0159561203,23.84621482861531,2.598066806793213
183.0,123688.61932906024,23.853711918590406,6.443655967712402
183.0,123709.4417984214,23.86179820358488,7.141059637069702
183.0,123884.31946455469,23.871682020907492,3.8235020637512207
183.0,123953.46744869242,23.870058889893983,4.822438478469849
183.0,123923.08627588215,23.872666016199872,6.7627856731414795
183.0,123877.62910876726,23.87164852575388,3.4662842750549316
183.0,123840.57401266016,23.875453107722823,5.701565265655518
183.0,123803.58870126614,23.87624023418395,6.013793706893921
183.0,123757.52447461199,23.8764244757822,5.205850601196289
183.0,123730.13613600265,23.88141225168403,5.306710481643677
183.0,123736.64619171724,23.883989744488684,6.940872430801392
183.0,123711.0039844577,23.879371478483257,4.0653369426727295
183.0,123885.75481977114,23.89750706116832,5.892807483673096
183.0,123858.12450318257,23.89168838273452,5.409439325332642
184.0,123759.90235845363,23.89168838273452,0.42191147804260254
184.0,123872.26622903468,23.898839305385845,4.925397872924805
184.0,123853.41772873295,23.891735009580646,4.798966884613037
184.0,123802.91278497205,23.881682859126883,4.313267469406128
184.0,123705.04486972702,23.881682859126883,0.38196372985839844
184.0,123667.9594408418,23.88171702102137,5.418142557144165
184.0,123830.45550929764,23.88529938883688,5.792243003845215
184.0,123846.97921511986,23.892418392336726,7.066681861877441
184.0,124002.1668217513,23.89244078656683,4.394357681274414
184.0,123990.85427743154,23.895410411291383,4.403094291687012
184.0,124072.64875000465,23.904850590317263,5.9721856117248535
184.0,124037.20188582777,23.91132943637517,5.50914740562439
184.0,124019.26953794956,23.914856553788255,5.683872938156128
184.0,124141.00214497682,23.914854595823325,4.470431327819824
184.0,124078.76710317202,23.906058495466684,2.7507994174957275
185.0,123981.52669008177,23.906058495466684,0.38803529739379883
185.0,124013.14265684206,23.915828877446756,7.739150762557983
185.0,124066.42160512136,23.920341556920018,4.4216084480285645
185.0,123969.41892990234,23.920341556920018,0.38701891899108887
185.0,124669.90746089681,23.923100852543207,6.533448696136475
185.0,124870.83062973207,23.933982649752135,5.871695518493652
185.0,124773.42748571512,23.933982649752135,0.38498735427856445
185.0,124787.96503361335,23.94310115810265,7.819625377655029
185.0,125115.08509271724,23.95509690727417,5.118930101394653
185.0,125082.96807149706,23.957807174489602,5.699962854385376
185.0,125020.95683229169,23.955308580315414,4.024177551269531
185.0,125189.10806579843,23.956280328482666,8.528297424316406
185.0,125195.38742734621,23.961865076466346,9.244543075561523
185.0,125098.26144796115,23.961865076466346,0.73000168800354
185.0,125074.30084083905,23.96974299360375,11.27895998954773
186.0,125075.96388427056,23.973416701639007,8.604262590408325
186.0,125412.61343464954,23.978798447769726,10.710374593734741
186.0,125366.1072736452,23.978455318684418,5.540689945220947
186.0,125313.1374888879,23.97754218094685,5.504934787750244
186.0,125344.48687521633,23.98689335458819,9.465210437774658
186.0,125374.54752293183,23.995655188445753,8.473489046096802
186.0,125373.87731842094,24.000984926938948,5.034332990646362
186.0,125277.28727426191,24.000984926938948,0.5215942859649658
186.0,125550.64943229027,24.00914501698185,8.541937589645386
186.0,125532.95375623275,24.016720149697736,6.3415539264678955
186.0,125436.4641684109,24.016720149697736,0.476665735244751
186.0,125392.81997793354,24.017473802277905,6.019157409667969
186.0,125331.74529891199,24.018792393850113,6.423574924468994
186.0,125235.63199730241,24.018792393850113,0.5715157985687256
186.0,125325.71156265413,24.031426828568527,7.853184938430786
187.0,125335.86134763308,24.034835136080787,9.501716136932373
187.0,125409.36538464866,24.042168337388215,7.843616008758545
187.0,125367.44945290776,24.043313690485995,6.6724534034729
187.0,125417.61211317722,24.045577731225684,6.813885927200317
187.0,125321.87347797633,24.045577731225684,0.6020610332489014
187.0,125226.28089713881,24.045577731225684,0.6170361042022705
187.0,125130.83403669893,24.045577731225684,0.6040773391723633
187.0,125317.1263022334,24.0511967751782,9.375757694244385
187.0,125326.21255005039,24.05456657695388,7.13634467124939
187.0,125465.07959237206,24.049547528177957,4.205605745315552
187.0,125456.41471465371,24.050679200736827,5.1551008224487305
187.0,125439.64835629515,24.050135647623133,5.353219270706177
187.0,125474.93030275057,24.050707308908194,4.449368953704834
187.0,125469.10157610654,24.05239070317349,5.275096893310547
187.0,125547.93649715176,24.064076490017445,5.006328105926514
188.0,125569.42235555954,24.07278130000771,7.257590055465698
188.0,125474.43792109996,24.07278130000771,0.3990299701690674
188.0,125488.05057468607,24.079260934485056,5.568061113357544
188.0,125558.59736952618,24.08407351823721,4.921555280685425
188.0,125563.70833893029,24.087774864976186,6.534209728240967
188.0,125526.9763908711,24.085967885314282,6.2843568325042725
188.0,125432.38183443487,24.085967885314282,0.3959634304046631
188.0,125370.20983641587,24.08856062993777,5.99526572227478
188.0,125337.2597769433,24.080169387603995,3.3877952098846436
188.0,125303.68933320124,24.085504593543515,4.328057765960693
188.0,125287.63993803397,24.093567816018776,6.6725194454193115
188.0,125286.9212982366,24.095047596962807,8.57286262512207
188.0,125426.57914802314,24.098164361585116,6.478582382202148
188.0,125402.45696143252,24.108920320233494,9.907039642333984
188.0,125308.52253674231,24.108920320233494,0.5289888381958008
189.0,125341.88055762285,24.105899910842506,8.2145836353302
189.0,125373.71913286779,24.114270025969855,6.877973318099976
189.0,125751.46458314762,24.113958105584548,7.59876561164856
189.0,125736.02002301265,24.11364682307324,5.18239426612854
189.0,125734.39448357442,24.114417076438563,9.61394214630127
189.0,125727.23096119345,24.122204438346312,7.602040529251099
189.0,125696.83611104914,24.131054620166786,7.566997528076172
189.0,125668.26967211172,24.123722809892907,7.687355041503906
189.0,125655.73609591548,24.12555618030596,9.246520042419434
189.0,125562.31175681071,24.12555618030596,0.695082426071167
189.0,125569.35967616526,24.134913677412694,9.037179946899414
189.0,125532.08361311298,24.133509016574024,7.024830341339111
189.0,125678.23249979193,24.139083175410796,10.130230903625488
189.0,125683.70997556472,24.140893553070892,4.09294056892395
189.0,125590.61093113838,24.140893553070892,0.40404629707336426
190.0,125497.64970913161,24.140893553070892,0.4109935760498047
190.0,125434.36577673038,24.132973407241554,4.818588972091675
190.0,125341.65745021396,24.132973407241554,0.4115631580352783
190.0,125857.01305522822,24.143163046178408,8.891077280044556
190.0,125906.97092657133,24.150673939433197,6.290978193283081
190.0,125984.12578873867,24.156576387526602,6.4093241691589355
190.0,126007.11325602043,24.151855730090112,4.155996084213257
190.0,125940.98238996665,24.15244484023631,4.817800045013428
190.0,126382.18570257205,24.16256363447731,7.341334581375122
190.0,126393.8800343947,24.164198719954427,5.079009771347046
190.0,126439.67139108159,24.16530209261987,7.474216938018799
190.0,126395.01560177025,24.16587535241189,6.10817289352417
190.0,126377.61172430273,24.17013905710043,5.9469945430755615
190.0,126382.40569983544,24.17755528163629,5.754785537719727
190.0,126382.33316534618,24.177588252670443,5.403782367706299
191.0,126330.7757763296,24.174356304742666,4.505452394485474
191.0,126650.04146948781,24.178968535494743,4.904138803482056
191.0,126603.82094272801,24.176785644428257,6.0717854499816895
191.0,126672.90039493798,24.17617152468688,3.8445796966552734
191.0,126747.91432141222,24.185977735719593,5.8303306102752686
191.0,126847.37663335912,24.190039637879813,5.249630689620972
191.0,126809.63396184114,24.194613393471116,4.807576894760132
191.0,126776.48427574693,24.19710045427187,5.566354513168335
191.0,126728.39365628776,24.191799232354125,5.106797456741333
191.0,126636.22755181046,24.191799232354125,0.40616846084594727
191.0,126612.75490917318,24.188063637240447,4.290060758590698
191.0,126520.80664852745,24.188063637240447,0.43799901008605957
191.0,126491.62263024152,24.19262125136615,4.227130889892578
191.0,126584.46050008299,24.204930138133264,5.687464475631714
191.0,126561.48923860706,24.207394738866228,5.364148378372192
192.0,126567.28069900325,24.213826466605678,4.7299644947052
192.0,126676.13575827364,24.223324338723966,9.043704509735107
192.0,126609.88351147651,24.22716457067404,5.042587995529175
192.0,126574.92449660595,24.22894874185987,5.9683146476745605
192.0,126536.00722838145,24.229194535499172,5.652556896209717
192.0,126500.42460356091,24.23301770082253,6.412335634231567
192.0,126409.22025993903,24.23301770082253,0.40796875953674316
192.0,126357.9060531469,24.233259023338064,4.983147621154785
192.0,126381.31914300166,24.22992902755941,3.822417974472046
192.0,126341.0291365385,24.23475949491666,4.909816026687622
192.0,126865.97427028217,24.233471036629023,4.955848932266235
192.0,126774.83492095009,24.233471036629023,0.41199636459350586
192.0,126749.64772633286,24.23523685267398,5.842699766159058
192.0,126734.36810158932,24.240048003712026,5.327289581298828
192.0,126830.67535163989,24.24180396732114,6.2271294593811035
193.0,126893.95016559232,24.248974769316522,7.0223565101623535
193.0,126858.35425398883,24.259155752913234,5.816154956817627
193.0,126903.40277294096,24.272841674350556,7.596434593200684
193.0,131653.31778281237,24.26034276372553,2.995757579803467
193.0,131994.68806687547,24.263447319625286,6.672296762466431
193.0,131979.04661052598,24.269558270077706,7.009241104125977
193.0,131929.62445950415,24.26662890419773,6.6085309982299805
193.0,132020.28669212107,24.273727152468894,7.224697113037109
193.0,132000.62040777475,24.276806778308416,5.065351724624634
193.0,132080.1219024204,24.287382409431444,8.007864952087402
193.0,132142.29518584357,24.294939757475966,6.69458794593811
193.0,132093.88710464127,24.29848921301925,7.723893404006958
193.0,132094.97671772845,24.301034464191844,7.7220118045806885
193.0,132024.80292397953,24.292116072145262,6.2876341342926025
193.0,132029.3435145681,24.29366709969488,5.7066309452056885
194.0,131935.77204503262,24.29366709969488,0.7270388603210449
194.0,131842.33311298938,24.29366709969488,0.7845730781555176
194.0,132184.8243697437,24.30300198593001,6.203630685806274
194.0,132132.10882164305,24.301940503957557,5.901541709899902
194.0,132038.72923943694,24.301940503957557,0.5295405387878418
194.0,131978.26648917093,24.300387316090866,5.157394647598267
194.0,131931.76990569697,24.298837100832536,5.861199378967285
194.0,132221.65202352687,24.298768235653643,7.689465045928955
194.0,132240.68640804588,24.3036227486081,7.175028324127197
194.0,132203.74501732455,24.29961460932842,5.447782516479492
194.0,132571.63810021366,24.31084707798188,12.476088047027588
194.0,132592.6434260576,24.321567233440256,6.754945993423462
194.0,132499.4651805017,24.321567233440256,0.44500136375427246
194.0,132619.0405787759,24.326381577936477,4.811322212219238
194.0,132525.9745853873,24.326381577936477,0.41603589057922363
195.0,132433.03911933862,24.326381577936477,0.41303539276123047
195.0,132561.64001293917,24.333480903237746,6.702024221420288
195.0,132583.14650175496,24.334235627098113,4.843601942062378
195.0,132530.79494052465,24.332069636988233,4.349914789199829
195.0,132487.48918890976,24.33087992460902,5.32890772819519
195.0,132473.06843964578,24.33260621838671,4.574380397796631
195.0,132493.29380999238,24.33918090624259,8.558963060379028
195.0,132461.33353568963,24.33653372347531,7.017430067062378
195.0,132504.02935830437,24.33776553831719,7.876215219497681
195.0,132411.69205561565,24.33776553831719,0.470003604888916
195.0,132388.31491198286,24.3385112360435,7.422234535217285
195.0,132296.18664830018,24.3385112360435,0.5190014839172363
195.0,132328.70806464556,24.341188875952493,7.8136396408081055
195.0,132287.4425969359,24.342412827708685,7.897485256195068
