Percentage_of_Sellers,Percentage_of_Agents_Trading,Consumptive_Use_Sellers,Consumptive_Use_Buyers,Volume_Quantity_Filled_Sellers,Volume_Quantity_Filled_Buyers,Initial_AV_Sellers,Initial_AV_Buyers
0.05,1.6,66.25,1308.75,576838.6628814966,18660562.289062828,9775.692517075342,0.0
0.05,3.2,66.25,1308.75,576838.6628814966,18660562.289062828,9775.692517075342,0.0
0.05,4.8,66.25,1308.75,576838.6628814966,18660562.289062828,9775.692517075342,0.0
0.05,6.4,66.25,1308.75,576838.6628814966,18660562.289062828,9775.692517075342,0.0
0.05,8.0,66.25,1308.75,576838.6628814966,18660562.289062828,9775.692517075342,0.0
0.05,9.6,66.25,1308.75,576838.6628814966,18660562.289062828,9775.692517075342,0.0
0.05,11.200000000000001,66.25,1308.75,576838.6628814966,18660562.289062828,9775.692517075342,0.0
0.05,12.8,66.25,1308.75,576838.6628814966,18660562.289062828,9775.692517075342,0.0
0.05,14.399999999999999,66.25,1308.75,576838.6628814966,18660562.289062828,9775.692517075342,0.0
0.05,16.0,66.25,1308.75,576838.6628814966,18660562.289062828,9775.692517075342,0.0
0.05,17.599999999999998,66.25,1308.75,576838.6628814966,18660562.289062828,9775.692517075342,0.0
0.05,19.2,66.25,1308.75,576838.6628814966,18660562.289062828,9775.692517075342,0.0
0.05,20.8,66.25,1308.75,576838.6628814966,18660562.289062828,9775.692517075342,0.0
0.05,22.400000000000002,66.25,1308.75,576838.6628814966,18660562.289062828,9775.692517075342,0.0
0.05,24.0,66.25,1308.75,576838.6628814966,18660562.289062828,9775.692517075342,0.0
0.05,25.6,66.25,1308.75,576838.6628814966,18660562.289062828,9775.692517075342,0.0
0.05,27.200000000000003,66.25,1308.75,576838.6628814966,18660562.289062828,9775.692517075342,0.0
0.05,28.799999999999997,66.25,1308.75,576838.6628814966,18660562.289062828,9775.692517075342,0.0
0.05,30.4,66.25,1308.75,576838.6628814966,18660562.289062828,9775.692517075342,0.0
0.05,32.0,66.25,1308.75,576838.6628814966,18660562.289062828,9775.692517075342,0.0
0.05,33.6,66.25,1308.75,576838.6628814966,18660562.289062828,9775.692517075342,0.0
0.05,35.199999999999996,66.25,1308.75,576838.6628814966,18660562.289062828,9775.692517075342,0.0
0.05,36.8,66.25,1308.75,576838.6628814966,18660562.289062828,9775.692517075342,0.0
0.05,38.4,66.25,1308.75,576838.6628814966,18660562.289062828,9775.692517075342,0.0
0.05,40.0,66.25,1308.75,576838.6628814966,18660562.289062828,9775.692517075342,0.0
0.05,41.6,66.25,1308.75,576838.6628814966,18660562.289062828,9775.692517075342,0.0
0.05,43.2,66.25,1308.75,576838.6628814966,18660562.289062828,9775.692517075342,0.0
0.05,44.800000000000004,66.25,1308.75,576838.6628814966,18660562.289062828,9775.692517075342,0.0
0.05,46.400000000000006,66.25,1308.75,576838.6628814966,18660562.289062828,9775.692517075342,0.0
0.05,48.0,66.25,1308.75,576838.6628814966,18660562.289062828,9775.692517075342,0.0
0.05,49.6,66.25,1308.75,576838.6628814966,18660562.289062828,9775.692517075342,0.0
0.05,51.4,66.25,1308.75,576838.6628814966,18660562.289062828,9775.692517075342,0.0
0.05,53.2,66.25,1308.75,576838.6628814966,18660562.289062828,9775.692517075342,0.0
0.05,55.00000000000001,66.25,1308.75,576838.6628814966,18660562.289062828,9775.692517075342,0.0
0.05,56.8,66.25,1308.75,576838.6628814966,18660562.289062828,9775.692517075342,0.0
0.05,58.599999999999994,66.25,1308.75,576838.6628814966,18660562.289062828,9775.692517075342,0.0
0.05,60.4,66.25,1308.75,576838.6628814966,18660562.289062828,9775.692517075342,0.0
0.05,62.2,66.25,1308.75,576838.6628814966,18660562.289062828,9775.692517075342,0.0
0.05,64.0,66.25,1308.75,576838.6628814966,18660562.289062828,9775.692517075342,0.0
0.05,65.8,66.25,1308.75,576838.6628814966,18660562.289062828,9775.692517075342,0.0
0.05,67.60000000000001,66.25,1308.75,576838.6628814966,18660562.289062828,9775.692517075342,0.0
0.05,69.39999999999999,66.25,1308.75,576838.6628814966,18660562.289062828,9775.692517075342,0.0
0.05,71.2,66.25,1308.75,576838.6628814966,18660562.289062828,9775.692517075342,0.0
0.05,73.0,66.25,1308.75,576838.6628814966,18660562.289062828,9775.692517075342,0.0
0.05,74.8,66.25,1308.75,576838.6628814966,18660562.289062828,9775.692517075342,0.0
0.05,76.6,66.25,1308.75,576838.6628814966,18660562.289062828,9775.692517075342,0.0
0.05,78.4,66.25,1308.75,576838.6628814966,18660562.289062828,9775.692517075342,0.0
0.05,80.2,66.25,1308.75,576838.6628814966,18660562.289062828,9775.692517075342,0.0
0.05,82.0,66.25,1308.75,576838.6628814966,18660562.289062828,9775.692517075342,0.0
0.05,83.8,66.25,1308.75,576838.6628814966,18660562.289062828,9775.692517075342,0.0
0.05,85.6,66.25,1308.75,576838.6628814966,18660562.289062828,9775.692517075342,0.0
0.05,87.4,66.25,1308.75,576838.6628814966,18660562.289062828,9775.692517075342,0.0
0.05,89.2,66.25,1308.75,576838.6628814966,18660562.289062828,9775.692517075342,0.0
0.05,91.0,66.25,1308.75,576838.6628814966,18660562.289062828,9775.692517075342,0.0
0.05,93.0,66.25,1308.75,576838.6628814966,18660562.289062828,9775.692517075342,0.0
0.05,95.0,66.25,1308.75,576838.6628814966,18660562.289062828,9775.692517075342,0.0
0.05,97.0,66.25,1308.75,576838.6628814966,18660562.289062828,9775.692517075342,0.0
0.05,99.0,66.25,1308.75,576838.6628814966,18660562.289062828,9775.692517075342,0.0
0.05,101.0,66.25,1308.75,576838.6628814966,18660562.289062828,9775.692517075342,0.0
0.05,103.0,66.25,1308.75,576838.6628814966,18660562.289062828,9775.692517075342,0.0
0.05,105.0,66.25,1308.75,576838.6628814966,18660562.289062828,9775.692517075342,0.0
0.05,107.0,66.25,1308.75,576838.6628814966,18660562.289062828,9775.692517075342,0.0
0.05,109.00000000000001,66.25,1308.75,576838.6628814966,18660562.289062828,9775.692517075342,0.0
0.05,111.00000000000001,66.25,1308.75,576838.6628814966,18660562.289062828,9775.692517075342,0.0
0.05,112.99999999999999,66.25,1308.75,576838.6628814966,18660562.289062828,9775.692517075342,0.0
0.05,114.99999999999999,66.25,1308.75,576838.6628814966,18660562.289062828,9775.692517075342,0.0
0.05,117.0,66.25,1308.75,576838.6628814966,18660562.289062828,9775.692517075342,0.0
0.05,119.0,66.25,1308.75,576838.6628814966,18660562.289062828,9775.692517075342,0.0
0.05,121.0,66.25,1308.75,576838.6628814966,18660562.289062828,9775.692517075342,0.0
0.05,123.0,66.25,1308.75,576838.6628814966,18660562.289062828,9775.692517075342,0.0
0.05,125.0,66.25,1308.75,576838.6628814966,18660562.289062828,9775.692517075342,0.0
0.05,127.0,66.25,1308.75,576838.6628814966,18660562.289062828,9775.692517075342,0.0
0.05,129.0,66.25,1308.75,576838.6628814966,18660562.289062828,9775.692517075342,0.0
0.05,131.0,66.25,1308.75,576838.6628814966,18660562.289062828,9775.692517075342,0.0
0.05,133.0,66.25,1308.75,576838.6628814966,18660562.289062828,9775.692517075342,0.0
0.05,135.0,66.25,1308.75,576838.6628814966,18660562.289062828,9775.692517075342,0.0
0.05,137.0,66.25,1308.75,576838.6628814966,18660562.289062828,9775.692517075342,0.0
0.05,139.0,66.25,1308.75,576838.6628814966,18660562.289062828,9775.692517075342,0.0
0.05,141.0,66.25,1308.75,576838.6628814966,18660562.289062828,9775.692517075342,0.0
0.05,143.0,66.25,1308.75,576838.6628814966,18660562.289062828,9775.692517075342,0.0
0.05,145.0,66.25,1308.75,576838.6628814966,18660562.289062828,9775.692517075342,0.0
0.05,147.0,66.25,1308.75,576838.6628814966,18660562.289062828,9775.692517075342,0.0
0.05,149.0,66.25,1308.75,576838.6628814966,18660562.289062828,9775.692517075342,0.0
0.05,151.0,66.25,1308.75,576838.6628814966,18660562.289062828,9775.692517075342,0.0
0.05,153.0,66.25,1308.75,576838.6628814966,18660562.289062828,9775.692517075342,0.0
0.05,155.0,66.25,1308.75,576838.6628814966,18660562.289062828,9775.692517075342,0.0
0.05,157.0,66.25,1308.75,576838.6628814966,18660562.289062828,9775.692517075342,0.0
0.05,159.0,66.25,1308.75,576838.6628814966,18660562.289062828,9775.692517075342,0.0
0.05,161.0,66.25,1308.75,576838.6628814966,18660562.289062828,9775.692517075342,0.0
0.05,163.0,66.25,1308.75,576838.6628814966,18660562.289062828,9775.692517075342,0.0
0.05,165.0,66.25,1308.75,576838.6628814966,18660562.289062828,9775.692517075342,0.0
0.05,167.0,66.25,1308.75,576838.6628814966,18660562.289062828,9775.692517075342,0.0
0.05,169.0,66.25,1308.75,576838.6628814966,18660562.289062828,9775.692517075342,0.0
0.05,171.0,66.25,1308.75,576838.6628814966,18660562.289062828,9775.692517075342,0.0
0.05,173.0,66.25,1308.75,576838.6628814966,18660562.289062828,9775.692517075342,0.0
0.05,175.0,66.25,1308.75,576838.6628814966,18660562.289062828,9775.692517075342,0.0
0.05,177.0,66.25,1308.75,576838.6628814966,18660562.289062828,9775.692517075342,0.0
0.05,179.0,66.25,1308.75,576838.6628814966,18660562.289062828,9775.692517075342,0.0
0.05,181.0,66.25,1308.75,576838.6628814966,18660562.289062828,9775.692517075342,0.0
0.05,183.0,66.25,1308.75,576838.6628814966,18660562.289062828,9775.692517075342,0.0
0.05,185.0,66.25,1308.75,576838.6628814966,18660562.289062828,9775.692517075342,0.0
0.05,187.0,66.25,1308.75,576838.6628814966,18660562.289062828,9775.692517075342,0.0
0.05,189.0,66.25,1308.75,576838.6628814966,18660562.289062828,9775.692517075342,0.0
0.05,191.0,66.25,1308.75,576838.6628814966,18660562.289062828,9775.692517075342,0.0
0.05,193.0,66.25,1308.75,576838.6628814966,18660562.289062828,9775.692517075342,0.0
0.05,195.0,66.25,1308.75,576838.6628814966,18660562.289062828,9775.692517075342,0.0
0.05,197.0,66.25,1308.75,576838.6628814966,18660562.289062828,9775.692517075342,0.0
0.05,199.0,66.25,1308.75,576838.6628814966,18660562.289062828,9775.692517075342,0.0
0.05,200.99999999999997,66.25,1308.75,576838.6628814966,18660562.289062828,9775.692517075342,0.0
0.05,202.99999999999997,66.25,1308.75,576838.6628814966,18660562.289062828,9775.692517075342,0.0
0.05,204.99999999999997,66.25,1308.75,576838.6628814966,18660562.289062828,9775.692517075342,0.0
0.05,206.99999999999997,66.25,1308.75,576838.6628814966,18660562.289062828,9775.692517075342,0.0
0.05,209.0,66.25,1308.75,576838.6628814966,18660562.289062828,9775.692517075342,0.0
0.05,211.0,66.25,1308.75,576838.6628814966,18660562.289062828,9775.692517075342,0.0
0.05,213.0,66.25,1308.75,576838.6628814966,18660562.289062828,9775.692517075342,0.0
0.05,215.0,66.25,1308.75,576838.6628814966,18660562.289062828,9775.692517075342,0.0
0.05,217.0,66.25,1308.75,576838.6628814966,18660562.289062828,9775.692517075342,0.0
0.05,219.0,66.25,1308.75,576838.6628814966,18660562.289062828,9775.692517075342,0.0
0.05,221.0,66.25,1308.75,576838.6628814966,18660562.289062828,9775.692517075342,0.0
0.05,223.0,66.25,1308.75,576838.6628814966,18660562.289062828,9775.692517075342,0.0
0.05,225.0,66.25,1308.75,576838.6628814966,18660562.289062828,9775.692517075342,0.0
0.05,227.2,66.25,1308.75,576838.6628814966,18660562.289062828,9775.692517075342,0.0
0.05,229.4,66.25,1308.75,576838.6628814966,18660562.289062828,9775.692517075342,0.0
0.05,231.6,66.25,1308.75,576838.6628814966,18660562.289062828,9775.692517075342,0.0
0.05,233.8,66.25,1308.75,576838.6628814966,18660562.289062828,9775.692517075342,0.0
0.05,236.0,66.25,1308.75,576838.6628814966,18660562.289062828,9775.692517075342,0.0
0.05,238.20000000000002,66.25,1308.75,576838.6628814966,18660562.289062828,9775.692517075342,0.0
0.05,240.39999999999998,66.25,1308.75,576838.6628814966,18660562.289062828,9775.692517075342,0.0
0.05,242.60000000000002,66.25,1308.75,576838.6628814966,18660562.289062828,9775.692517075342,0.0
0.05,244.79999999999998,66.25,1308.75,576838.6628814966,18660562.289062828,9775.692517075342,0.0
0.05,247.00000000000003,66.25,1308.75,576838.6628814966,18660562.289062828,9775.692517075342,0.0
0.05,249.2,66.25,1308.75,576838.6628814966,18660562.289062828,9775.692517075342,0.0
0.05,251.39999999999998,66.25,1308.75,576838.6628814966,18660562.289062828,9775.692517075342,0.0
0.05,253.6,66.25,1308.75,576838.6628814966,18660562.289062828,9775.692517075342,0.0
0.05,255.79999999999998,66.25,1308.75,576838.6628814966,18660562.289062828,9775.692517075342,0.0
0.05,258.0,66.25,1308.75,576838.6628814966,18660562.289062828,9775.692517075342,0.0
0.05,260.2,66.25,1308.75,576838.6628814966,18660562.289062828,9775.692517075342,0.0
0.05,262.40000000000003,66.25,1308.75,576838.6628814966,18660562.289062828,9775.692517075342,0.0
0.05,264.59999999999997,66.25,1308.75,576838.6628814966,18660562.289062828,9775.692517075342,0.0
0.05,267.0,66.25,1308.75,576838.6628814966,18660562.289062828,9775.692517075342,0.0
0.05,269.4,66.25,1308.75,576838.6628814966,18660562.289062828,9775.692517075342,0.0
0.05,271.8,66.25,1308.75,576838.6628814966,18660562.289062828,9775.692517075342,0.0
0.05,274.2,66.25,1308.75,576838.6628814966,18660562.289062828,9775.692517075342,0.0
0.05,276.6,66.25,1308.75,576838.6628814966,18660562.289062828,9775.692517075342,0.0
0.05,279.0,66.25,1308.75,576838.6628814966,18660562.289062828,9775.692517075342,0.0
0.05,281.4,66.25,1308.75,576838.6628814966,18660562.289062828,9775.692517075342,0.0
0.05,283.8,66.25,1308.75,576838.6628814966,18660562.289062828,9775.692517075342,0.0
0.05,286.2,66.25,1308.75,576838.6628814966,18660562.289062828,9775.692517075342,0.0
0.05,288.6,66.25,1308.75,576838.6628814966,18660562.289062828,9775.692517075342,0.0
0.05,291.0,66.25,1308.75,576838.6628814966,18660562.289062828,9775.692517075342,0.0
0.05,293.40000000000003,66.25,1308.75,576838.6628814966,18660562.289062828,9775.692517075342,0.0
0.05,295.8,66.25,1308.75,576838.6628814966,18660562.289062828,9775.692517075342,0.0
0.05,298.20000000000005,66.25,1308.75,576838.6628814966,18660562.289062828,9775.692517075342,0.0
0.05,300.59999999999997,66.25,1308.75,576838.6628814966,18660562.289062828,9775.692517075342,0.0
0.05,303.0,66.25,1308.75,576838.6628814966,18660562.289062828,9775.692517075342,0.0
0.05,305.4,66.25,1308.75,576838.6628814966,18660562.289062828,9775.692517075342,0.0
0.05,307.8,66.25,1308.75,576838.6628814966,18660562.289062828,9775.692517075342,0.0
0.05,310.2,66.25,1308.75,576838.6628814966,18660562.289062828,9775.692517075342,0.0
0.05,312.59999999999997,66.25,1308.75,576838.6628814966,18660562.289062828,9775.692517075342,0.0
0.05,315.0,66.25,1308.75,576838.6628814966,18660562.289062828,9775.692517075342,0.0
0.05,317.4,66.25,1308.75,576838.6628814966,18660562.289062828,9775.692517075342,0.0
0.05,319.8,66.25,1308.75,576838.6628814966,18660562.289062828,9775.692517075342,0.0
0.05,322.2,66.25,1308.75,576838.6628814966,18660562.289062828,9775.692517075342,0.0
0.05,324.6,66.25,1308.75,576838.6628814966,18660562.289062828,9775.692517075342,0.0
0.05,327.0,66.25,1308.75,576838.6628814966,18660562.289062828,9775.692517075342,0.0
0.05,329.4,66.25,1308.75,576838.6628814966,18660562.289062828,9775.692517075342,0.0
0.05,331.8,66.25,1308.75,576838.6628814966,18660562.289062828,9775.692517075342,0.0
0.05,334.2,66.25,1308.75,576838.6628814966,18660562.289062828,9775.692517075342,0.0
0.05,336.6,66.25,1308.75,576838.6628814966,18660562.289062828,9775.692517075342,0.0
0.05,339.0,66.25,1308.75,576838.6628814966,18660562.289062828,9775.692517075342,0.0
0.05,341.40000000000003,66.25,1308.75,576838.6628814966,18660562.289062828,9775.692517075342,0.0
0.05,343.8,66.25,1308.75,576838.6628814966,18660562.289062828,9775.692517075342,0.0
0.05,346.20000000000005,66.25,1308.75,576838.6628814966,18660562.289062828,9775.692517075342,0.0
0.05,348.6,66.25,1308.75,576838.6628814966,18660562.289062828,9775.692517075342,0.0
0.05,351.0,66.25,1308.75,576838.6628814966,18660562.289062828,9775.692517075342,0.0
0.05,353.4,66.25,1308.75,576838.6628814966,18660562.289062828,9775.692517075342,0.0
0.05,355.79999999999995,66.25,1308.75,576838.6628814966,18660562.289062828,9775.692517075342,0.0
0.05,358.2,66.25,1308.75,576838.6628814966,18660562.289062828,9775.692517075342,0.0
0.05,360.59999999999997,66.25,1308.75,576838.6628814966,18660562.289062828,9775.692517075342,0.0
0.05,363.0,66.25,1308.75,576838.6628814966,18660562.289062828,9775.692517075342,0.0
0.05,365.4,66.25,1308.75,576838.6628814966,18660562.289062828,9775.692517075342,0.0
0.05,367.8,66.25,1308.75,576838.6628814966,18660562.289062828,9775.692517075342,0.0
0.05,370.2,66.25,1308.75,576838.6628814966,18660562.289062828,9775.692517075342,0.0
0.05,372.6,66.25,1308.75,576838.6628814966,18660562.289062828,9775.692517075342,0.0
0.05,375.0,66.25,1308.75,576838.6628814966,18660562.289062828,9775.692517075342,0.0
0.05,377.4,66.25,1308.75,576838.6628814966,18660562.289062828,9775.692517075342,0.0
0.05,379.8,66.25,1308.75,576838.6628814966,18660562.289062828,9775.692517075342,0.0
0.05,382.2,66.25,1308.75,576838.6628814966,18660562.289062828,9775.692517075342,0.0
0.05,384.6,66.25,1308.75,576838.6628814966,18660562.289062828,9775.692517075342,0.0
0.05,387.0,66.25,1308.75,576838.6628814966,18660562.289062828,9775.692517075342,0.0
0.05,389.40000000000003,66.25,1308.75,576838.6628814966,18660562.289062828,9775.692517075342,0.0
0.05,391.8,66.25,1308.75,576838.6628814966,18660562.289062828,9775.692517075342,0.0
0.05,394.20000000000005,66.25,1308.75,576838.6628814966,18660562.289062828,9775.692517075342,0.0
0.05,396.6,66.25,1308.75,576838.6628814966,18660562.289062828,9775.692517075342,0.0
0.05,399.0,66.25,1308.75,576838.6628814966,18660562.289062828,9775.692517075342,0.0
0.05,401.40000000000003,66.25,1308.75,576838.6628814966,18660562.289062828,9775.692517075342,0.0
0.05,403.8,66.25,1308.75,576838.6628814966,18660562.289062828,9775.692517075342,0.0
0.05,406.20000000000005,66.25,1308.75,576838.6628814966,18660562.289062828,9775.692517075342,0.0
0.05,408.6,66.25,1308.75,576838.6628814966,18660562.289062828,9775.692517075342,0.0
0.05,411.00000000000006,66.25,1308.75,576838.6628814966,18660562.289062828,9775.692517075342,0.0
0.05,413.40000000000003,66.25,1308.75,576838.6628814966,18660562.289062828,9775.692517075342,0.0
0.05,415.8,66.25,1308.75,576838.6628814966,18660562.289062828,9775.692517075342,0.0
0.05,418.20000000000005,66.25,1308.75,576838.6628814966,18660562.289062828,9775.692517075342,0.0
0.05,420.6,66.25,1308.75,576838.6628814966,18660562.289062828,9775.692517075342,0.0
0.05,423.00000000000006,66.25,1308.75,576838.6628814966,18660562.289062828,9775.692517075342,0.0
0.05,425.4,66.25,1308.75,576838.6628814966,18660562.289062828,9775.692517075342,0.0
0.05,427.79999999999995,66.25,1308.75,576838.6628814966,18660562.289062828,9775.692517075342,0.0
0.05,430.19999999999993,66.25,1308.75,576838.6628814966,18660562.289062828,9775.692517075342,0.0
0.05,432.59999999999997,66.25,1308.75,576838.6628814966,18660562.289062828,9775.692517075342,0.0
0.05,434.99999999999994,66.25,1308.75,576838.6628814966,18660562.289062828,9775.692517075342,0.0
0.05,437.4,66.25,1308.75,576838.6628814966,18660562.289062828,9775.692517075342,0.0
0.05,439.79999999999995,66.25,1308.75,576838.6628814966,18660562.289062828,9775.692517075342,0.0
0.05,442.2,66.25,1308.75,576838.6628814966,18660562.289062828,9775.692517075342,0.0
0.05,444.59999999999997,66.25,1308.75,576838.6628814966,18660562.289062828,9775.692517075342,0.0
0.05,447.0,66.25,1308.75,576838.6628814966,18660562.289062828,9775.692517075342,0.0
0.05,449.4,66.25,1308.75,576838.6628814966,18660562.289062828,9775.692517075342,0.0
0.05,451.79999999999995,66.25,1308.75,576838.6628814966,18660562.289062828,9775.692517075342,0.0
0.05,454.2,66.25,1308.75,576838.6628814966,18660562.289062828,9775.692517075342,0.0
0.05,456.59999999999997,66.25,1308.75,576838.6628814966,18660562.289062828,9775.692517075342,0.0
0.05,459.0,66.25,1308.75,576838.6628814966,18660562.289062828,9775.692517075342,0.0
0.05,461.4,66.25,1308.75,576838.6628814966,18660562.289062828,9775.692517075342,0.0
0.05,463.8,66.25,1308.75,576838.6628814966,18660562.289062828,9775.692517075342,0.0
0.05,466.2,66.25,1308.75,576838.6628814966,18660562.289062828,9775.692517075342,0.0
0.05,468.6,66.25,1308.75,576838.6628814966,18660562.289062828,9775.692517075342,0.0
0.05,471.0,66.25,1308.75,576838.6628814966,18660562.289062828,9775.692517075342,0.0
0.05,473.4,66.25,1308.75,576838.6628814966,18660562.289062828,9775.692517075342,0.0
0.05,475.8,66.25,1308.75,576838.6628814966,18660562.289062828,9775.692517075342,0.0
0.05,478.2,66.25,1308.75,576838.6628814966,18660562.289062828,9775.692517075342,0.0
0.05,480.6,66.25,1308.75,576838.6628814966,18660562.289062828,9775.692517075342,0.0
0.05,483.0,66.25,1308.75,576838.6628814966,18660562.289062828,9775.692517075342,0.0
0.05,485.40000000000003,66.25,1308.75,576838.6628814966,18660562.289062828,9775.692517075342,0.0
0.05,487.8,66.25,1308.75,576838.6628814966,18660562.289062828,9775.692517075342,0.0
0.05,490.2,66.25,1308.75,576838.6628814966,18660562.289062828,9775.692517075342,0.0
0.05,492.6,66.25,1308.75,576838.6628814966,18660562.289062828,9775.692517075342,0.0
0.05,495.0,66.25,1308.75,576838.6628814966,18660562.289062828,9775.692517075342,0.0
0.05,497.40000000000003,66.25,1308.75,576838.6628814966,18660562.289062828,9775.692517075342,0.0
0.05,499.8,66.25,1308.75,576838.6628814966,18660562.289062828,9775.692517075342,0.0
0.05,502.20000000000005,66.25,1308.75,576838.6628814966,18660562.289062828,9775.692517075342,0.0
0.05,504.6,66.25,1308.75,576838.6628814966,18660562.289062828,9775.692517075342,0.0
0.05,507.0,66.25,1308.75,576838.6628814966,18660562.289062828,9775.692517075342,0.0
0.05,509.40000000000003,66.25,1308.75,576838.6628814966,18660562.289062828,9775.692517075342,0.0
0.05,511.8,66.25,1308.75,576838.6628814966,18660562.289062828,9775.692517075342,0.0
0.05,514.2,66.25,1308.75,576838.6628814966,18660562.289062828,9775.692517075342,0.0
0.05,516.6,66.25,1308.75,576838.6628814966,18660562.289062828,9775.692517075342,0.0
0.05,519.0,66.25,1308.75,576838.6628814966,18660562.289062828,9775.692517075342,0.0
0.05,521.4000000000001,66.25,1308.75,576838.6628814966,18660562.289062828,9775.692517075342,0.0
0.05,523.8000000000001,66.25,1308.75,576838.6628814966,18660562.289062828,9775.692517075342,0.0
0.05,526.1999999999999,66.25,1308.75,576838.6628814966,18660562.289062828,9775.692517075342,0.0
0.05,528.5999999999999,66.25,1308.75,576838.6628814966,18660562.289062828,9775.692517075342,0.0
0.05,531.0,66.25,1308.75,576838.6628814966,18660562.289062828,9775.692517075342,0.0
0.05,533.4,66.25,1308.75,576838.6628814966,18660562.289062828,9775.692517075342,0.0
0.05,535.8,66.25,1308.75,576838.6628814966,18660562.289062828,9775.692517075342,0.0
0.05,538.1999999999999,66.25,1308.75,576838.6628814966,18660562.289062828,9775.692517075342,0.0
0.05,540.6,66.25,1308.75,576838.6628814966,18660562.289062828,9775.692517075342,0.0
0.05,543.0,66.25,1308.75,576838.6628814966,18660562.289062828,9775.692517075342,0.0
0.05,545.4,66.25,1308.75,576838.6628814966,18660562.289062828,9775.692517075342,0.0
0.05,547.8,66.25,1308.75,576838.6628814966,18660562.289062828,9775.692517075342,0.0
0.05,550.1999999999999,66.25,1308.75,576838.6628814966,18660562.289062828,9775.692517075342,0.0
0.05,552.6,66.25,1308.75,576838.6628814966,18660562.289062828,9775.692517075342,0.0
0.05,555.0,66.25,1308.75,576838.6628814966,18660562.289062828,9775.692517075342,0.0
0.05,557.4,66.25,1308.75,576838.6628814966,18660562.289062828,9775.692517075342,0.0
0.05,559.8,66.25,1308.75,576838.6628814966,18660562.289062828,9775.692517075342,0.0
0.05,562.2,66.25,1308.75,576838.6628814966,18660562.289062828,9775.692517075342,0.0
0.05,564.6,66.25,1308.75,576838.6628814966,18660562.289062828,9775.692517075342,0.0
0.05,567.0,66.25,1308.75,576838.6628814966,18660562.289062828,9775.692517075342,0.0
0.05,569.4,66.25,1308.75,576838.6628814966,18660562.289062828,9775.692517075342,0.0
0.05,571.8,66.25,1308.75,576838.6628814966,18660562.289062828,9775.692517075342,0.0
0.05,574.2,66.25,1308.75,576838.6628814966,18660562.289062828,9775.692517075342,0.0
0.05,576.6,66.25,1308.75,576838.6628814966,18660562.289062828,9775.692517075342,0.0
0.05,579.0,66.25,1308.75,576838.6628814966,18660562.289062828,9775.692517075342,0.0
0.05,581.4,66.25,1308.75,576838.6628814966,18660562.289062828,9775.692517075342,0.0
0.05,583.8,66.25,1308.75,576838.6628814966,18660562.289062828,9775.692517075342,0.0
0.05,586.2,66.25,1308.75,576838.6628814966,18660562.289062828,9775.692517075342,0.0
0.05,588.6,66.25,1308.75,576838.6628814966,18660562.289062828,9775.692517075342,0.0
0.05,591.0,66.25,1308.75,576838.6628814966,18660562.289062828,9775.692517075342,0.0
0.05,593.4,66.25,1308.75,576838.6628814966,18660562.289062828,9775.692517075342,0.0
0.05,595.8000000000001,66.25,1308.75,576838.6628814966,18660562.289062828,9775.692517075342,0.0
0.05,598.2,66.25,1308.75,576838.6628814966,18660562.289062828,9775.692517075342,0.0
0.05,600.6,66.25,1308.75,576838.6628814966,18660562.289062828,9775.692517075342,0.0
0.05,603.0,66.25,1308.75,576838.6628814966,18660562.289062828,9775.692517075342,0.0
0.05,605.4,66.25,1308.75,576838.6628814966,18660562.289062828,9775.692517075342,0.0
0.05,607.8000000000001,66.25,1308.75,576838.6628814966,18660562.289062828,9775.692517075342,0.0
0.05,610.2,66.25,1308.75,576838.6628814966,18660562.289062828,9775.692517075342,0.0
0.05,612.6,66.25,1308.75,576838.6628814966,18660562.289062828,9775.692517075342,0.0
0.05,615.0,66.25,1308.75,576838.6628814966,18660562.289062828,9775.692517075342,0.0
0.05,617.4000000000001,66.25,1308.75,576838.6628814966,18660562.289062828,9775.692517075342,0.0
0.05,619.8000000000001,66.25,1308.75,576838.6628814966,18660562.289062828,9775.692517075342,0.0
0.05,622.2,66.25,1308.75,576838.6628814966,18660562.289062828,9775.692517075342,0.0
0.05,624.6,66.25,1308.75,576838.6628814966,18660562.289062828,9775.692517075342,0.0
0.05,627.0,66.25,1308.75,576838.6628814966,18660562.289062828,9775.692517075342,0.0
0.05,629.4,66.25,1308.75,576838.6628814966,18660562.289062828,9775.692517075342,0.0
0.05,631.8,66.25,1308.75,576838.6628814966,18660562.289062828,9775.692517075342,0.0
0.05,634.1999999999999,66.25,1308.75,576838.6628814966,18660562.289062828,9775.692517075342,0.0
0.05,636.5999999999999,66.25,1308.75,576838.6628814966,18660562.289062828,9775.692517075342,0.0
0.05,639.0,66.25,1308.75,576838.6628814966,18660562.289062828,9775.692517075342,0.0
0.05,641.4,66.25,1308.75,576838.6628814966,18660562.289062828,9775.692517075342,0.0
0.05,643.8,66.25,1308.75,576838.6628814966,18660562.289062828,9775.692517075342,0.0
0.05,646.1999999999999,66.25,1308.75,576838.6628814966,18660562.289062828,9775.692517075342,0.0
0.05,648.6,66.25,1308.75,576838.6628814966,18660562.289062828,9775.692517075342,0.0
0.05,651.0,66.25,1308.75,576838.6628814966,18660562.289062828,9775.692517075342,0.0
0.05,653.4,66.25,1308.75,576838.6628814966,18660562.289062828,9775.692517075342,0.0
0.05,655.8,66.25,1308.75,576838.6628814966,18660562.289062828,9775.692517075342,0.0
0.05,658.1999999999999,66.25,1308.75,576838.6628814966,18660562.289062828,9775.692517075342,0.0
0.05,660.6,66.25,1308.75,576838.6628814966,18660562.289062828,9775.692517075342,0.0
0.05,663.0,66.25,1308.75,576838.6628814966,18660562.289062828,9775.692517075342,0.0
0.05,665.4,66.25,1308.75,576838.6628814966,18660562.289062828,9775.692517075342,0.0
0.05,667.8,66.25,1308.75,576838.6628814966,18660562.289062828,9775.692517075342,0.0
0.05,670.2,66.25,1308.75,576838.6628814966,18660562.289062828,9775.692517075342,0.0
0.05,672.6,66.25,1308.75,576838.6628814966,18660562.289062828,9775.692517075342,0.0
0.05,675.0,66.25,1308.75,576838.6628814966,18660562.289062828,9775.692517075342,0.0
0.05,677.4,66.25,1308.75,576838.6628814966,18660562.289062828,9775.692517075342,0.0
0.05,679.8,66.25,1308.75,576838.6628814966,18660562.289062828,9775.692517075342,0.0
0.05,682.2,66.25,1308.75,576838.6628814966,18660562.289062828,9775.692517075342,0.0
0.05,684.6,66.25,1308.75,576838.6628814966,18660562.289062828,9775.692517075342,0.0
0.05,687.0,66.25,1308.75,576838.6628814966,18660562.289062828,9775.692517075342,0.0
0.05,689.4,66.25,1308.75,576838.6628814966,18660562.289062828,9775.692517075342,0.0
0.05,691.8000000000001,66.25,1308.75,576838.6628814966,18660562.289062828,9775.692517075342,0.0
0.05,694.2,66.25,1308.75,576838.6628814966,18660562.289062828,9775.692517075342,0.0
0.05,696.6,66.25,1308.75,576838.6628814966,18660562.289062828,9775.692517075342,0.0
0.05,699.0,66.25,1308.75,576838.6628814966,18660562.289062828,9775.692517075342,0.0
0.05,701.4,66.25,1308.75,576838.6628814966,18660562.289062828,9775.692517075342,0.0
0.05,703.8000000000001,66.25,1308.75,576838.6628814966,18660562.289062828,9775.692517075342,0.0
0.05,706.2,66.25,1308.75,576838.6628814966,18660562.289062828,9775.692517075342,0.0
0.05,708.6,66.25,1308.75,576838.6628814966,18660562.289062828,9775.692517075342,0.0
0.05,711.0,66.25,1308.75,576838.6628814966,18660562.289062828,9775.692517075342,0.0
0.05,713.4000000000001,66.25,1308.75,576838.6628814966,18660562.289062828,9775.692517075342,0.0
0.05,716.0,66.25,1308.75,576838.6628814966,18660562.289062828,9775.692517075342,0.0
0.05,718.6,66.25,1308.75,576838.6628814966,18660562.289062828,9775.692517075342,0.0
0.05,721.1999999999999,66.25,1308.75,576838.6628814966,18660562.289062828,9775.692517075342,0.0
0.05,723.8000000000001,66.25,1308.75,576838.6628814966,18660562.289062828,9775.692517075342,0.0
0.05,726.4,66.25,1308.75,576838.6628814966,18660562.289062828,9775.692517075342,0.0
0.05,729.0,66.25,1308.75,576838.6628814966,18660562.289062828,9775.692517075342,0.0
0.05,731.6,66.25,1308.75,576838.6628814966,18660562.289062828,9775.692517075342,0.0
0.05,734.1999999999999,66.25,1308.75,576838.6628814966,18660562.289062828,9775.692517075342,0.0
0.05,736.8000000000001,66.25,1308.75,576838.6628814966,18660562.289062828,9775.692517075342,0.0
0.05,739.4,66.25,1308.75,576838.6628814966,18660562.289062828,9775.692517075342,0.0
0.05,742.0,66.25,1308.75,576838.6628814966,18660562.289062828,9775.692517075342,0.0
0.05,744.6,66.25,1308.75,576838.6628814966,18660562.289062828,9775.692517075342,0.0
0.05,747.2,66.25,1308.75,576838.6628814966,18660562.289062828,9775.692517075342,0.0
0.05,749.8000000000001,66.25,1308.75,576838.6628814966,18660562.289062828,9775.692517075342,0.0
0.05,752.4,66.25,1308.75,576838.6628814966,18660562.289062828,9775.692517075342,0.0
0.05,755.0,66.25,1308.75,576838.6628814966,18660562.289062828,9775.692517075342,0.0
0.05,757.5999999999999,66.25,1308.75,576838.6628814966,18660562.289062828,9775.692517075342,0.0
0.05,760.2,66.25,1308.75,576838.6628814966,18660562.289062828,9775.692517075342,0.0
0.05,762.8,66.25,1308.75,576838.6628814966,18660562.289062828,9775.692517075342,0.0
0.05,765.4,66.25,1308.75,576838.6628814966,18660562.289062828,9775.692517075342,0.0
0.05,768.0,66.25,1308.75,576838.6628814966,18660562.289062828,9775.692517075342,0.0
0.05,770.6,66.25,1308.75,576838.6628814966,18660562.289062828,9775.692517075342,0.0
0.05,773.2,66.25,1308.75,576838.6628814966,18660562.289062828,9775.692517075342,0.0
0.05,775.8,66.25,1308.75,576838.6628814966,18660562.289062828,9775.692517075342,0.0
0.05,778.4,66.25,1308.75,576838.6628814966,18660562.289062828,9775.692517075342,0.0
0.05,781.0,66.25,1308.75,576838.6628814966,18660562.289062828,9775.692517075342,0.0
0.05,783.6,66.25,1308.75,576838.6628814966,18660562.289062828,9775.692517075342,0.0
0.05,786.2,66.25,1308.75,576838.6628814966,18660562.289062828,9775.692517075342,0.0
0.05,788.8,66.25,1308.75,576838.6628814966,18660562.289062828,9775.692517075342,0.0
0.05,791.4,66.25,1308.75,576838.6628814966,18660562.289062828,9775.692517075342,0.0
0.05,794.0,66.25,1308.75,576838.6628814966,18660562.289062828,9775.692517075342,0.0
0.05,796.6,66.25,1308.75,576838.6628814966,18660562.289062828,9775.692517075342,0.0
0.05,799.2,66.25,1308.75,576838.6628814966,18660562.289062828,9775.692517075342,0.0
0.05,801.8000000000001,66.25,1308.75,576838.6628814966,18660562.289062828,9775.692517075342,0.0
0.05,804.4000000000001,66.25,1308.75,576838.6628814966,18660562.289062828,9775.692517075342,0.0
0.05,807.0,66.25,1308.75,576838.6628814966,18660562.289062828,9775.692517075342,0.0
0.05,809.6,66.25,1308.75,576838.6628814966,18660562.289062828,9775.692517075342,0.0
0.05,812.2,66.25,1308.75,576838.6628814966,18660562.289062828,9775.692517075342,0.0
0.05,814.8,66.25,1308.75,576838.6628814966,18660562.289062828,9775.692517075342,0.0
0.05,817.4,66.25,1308.75,576838.6628814966,18660562.289062828,9775.692517075342,0.0
0.05,819.9999999999999,66.25,1308.75,576838.6628814966,18660562.289062828,9775.692517075342,0.0
0.05,822.6000000000001,66.25,1308.75,576838.6628814966,18660562.289062828,9775.692517075342,0.0
0.05,825.2,66.25,1308.75,576838.6628814966,18660562.289062828,9775.692517075342,0.0
0.05,827.8000000000001,66.25,1308.75,576838.6628814966,18660562.289062828,9775.692517075342,0.0
0.05,830.4,66.25,1308.75,576838.6628814966,18660562.289062828,9775.692517075342,0.0
0.05,833.0,66.25,1308.75,576838.6628814966,18660562.289062828,9775.692517075342,0.0
0.05,835.6,66.25,1308.75,576838.6628814966,18660562.289062828,9775.692517075342,0.0
0.05,838.1999999999999,66.25,1308.75,576838.6628814966,18660562.289062828,9775.692517075342,0.0
0.05,840.8,66.25,1308.75,576838.6628814966,18660562.289062828,9775.692517075342,0.0
0.05,843.4,66.25,1308.75,576838.6628814966,18660562.289062828,9775.692517075342,0.0
0.05,846.0000000000001,66.25,1308.75,576838.6628814966,18660562.289062828,9775.692517075342,0.0
0.05,848.6,66.25,1308.75,576838.6628814966,18660562.289062828,9775.692517075342,0.0
0.05,851.4,66.25,1308.75,576838.6628814966,18660562.289062828,9775.692517075342,0.0
0.05,854.1999999999999,66.25,1308.75,576838.6628814966,18660562.289062828,9775.692517075342,0.0
0.05,857.0,66.25,1308.75,576838.6628814966,18660562.289062828,9775.692517075342,0.0
0.05,859.8000000000001,66.25,1308.75,576838.6628814966,18660562.289062828,9775.692517075342,0.0
0.05,862.5999999999999,66.25,1308.75,576838.6628814966,18660562.289062828,9775.692517075342,0.0
0.05,865.4,66.25,1308.75,576838.6628814966,18660562.289062828,9775.692517075342,0.0
0.05,868.2,66.25,1308.75,576838.6628814966,18660562.289062828,9775.692517075342,0.0
0.05,871.0000000000001,66.25,1308.75,576838.6628814966,18660562.289062828,9775.692517075342,0.0
0.05,873.8,66.25,1308.75,576838.6628814966,18660562.289062828,9775.692517075342,0.0
0.05,876.6,66.25,1308.75,576838.6628814966,18660562.289062828,9775.692517075342,0.0
0.05,879.4000000000001,66.25,1308.75,576838.6628814966,18660562.289062828,9775.692517075342,0.0
0.05,882.1999999999999,66.25,1308.75,576838.6628814966,18660562.289062828,9775.692517075342,0.0
0.05,885.0,66.25,1308.75,576838.6628814966,18660562.289062828,9775.692517075342,0.0
0.05,887.8,66.25,1308.75,576838.6628814966,18660562.289062828,9775.692517075342,0.0
0.05,890.6,66.25,1308.75,576838.6628814966,18660562.289062828,9775.692517075342,0.0
0.05,893.4,66.25,1308.75,576838.6628814966,18660562.289062828,9775.692517075342,0.0
0.05,896.1999999999999,66.25,1308.75,576838.6628814966,18660562.289062828,9775.692517075342,0.0
0.05,899.0,66.25,1308.75,576838.6628814966,18660562.289062828,9775.692517075342,0.0
0.05,901.8000000000001,66.25,1308.75,576838.6628814966,18660562.289062828,9775.692517075342,0.0
0.05,904.5999999999999,66.25,1308.75,576838.6628814966,18660562.289062828,9775.692517075342,0.0
0.05,907.4,66.25,1308.75,576838.6628814966,18660562.289062828,9775.692517075342,0.0
0.05,910.2,66.25,1308.75,576838.6628814966,18660562.289062828,9775.692517075342,0.0
0.05,913.0000000000001,66.25,1308.75,576838.6628814966,18660562.289062828,9775.692517075342,0.0
0.05,915.8,66.25,1308.75,576838.6628814966,18660562.289062828,9775.692517075342,0.0
0.05,918.6,66.25,1308.75,576838.6628814966,18660562.289062828,9775.692517075342,0.0
0.05,921.4000000000001,66.25,1308.75,576838.6628814966,18660562.289062828,9775.692517075342,0.0
0.05,924.2,66.25,1308.75,576838.6628814966,18660562.289062828,9775.692517075342,0.0
0.05,927.0,66.25,1308.75,576838.6628814966,18660562.289062828,9775.692517075342,0.0
0.05,929.8,66.25,1308.75,576838.6628814966,18660562.289062828,9775.692517075342,0.0
0.05,932.6,66.25,1308.75,576838.6628814966,18660562.289062828,9775.692517075342,0.0
0.05,935.3999999999999,66.25,1308.75,576838.6628814966,18660562.289062828,9775.692517075342,0.0
0.05,938.1999999999999,66.25,1308.75,576838.6628814966,18660562.289062828,9775.692517075342,0.0
0.05,941.0,66.25,1308.75,576838.6628814966,18660562.289062828,9775.692517075342,0.0
0.05,943.8000000000001,66.25,1308.75,576838.6628814966,18660562.289062828,9775.692517075342,0.0
0.05,946.5999999999999,66.25,1308.75,576838.6628814966,18660562.289062828,9775.692517075342,0.0
0.05,949.4,66.25,1308.75,576838.6628814966,18660562.289062828,9775.692517075342,0.0
0.05,952.3999999999999,66.25,1308.75,576838.6628814966,18660562.289062828,9775.692517075342,0.0
0.05,955.4,66.25,1308.75,576838.6628814966,18660562.289062828,9775.692517075342,0.0
0.05,958.4,66.25,1308.75,576838.6628814966,18660562.289062828,9775.692517075342,0.0
0.05,961.4000000000001,66.25,1308.75,576838.6628814966,18660562.289062828,9775.692517075342,0.0
0.05,964.4,66.25,1308.75,576838.6628814966,18660562.289062828,9775.692517075342,0.0
0.05,967.4,66.25,1308.75,576838.6628814966,18660562.289062828,9775.692517075342,0.0
0.05,970.4000000000001,66.25,1308.75,576838.6628814966,18660562.289062828,9775.692517075342,0.0
0.05,973.4,66.25,1308.75,576838.6628814966,18660562.289062828,9775.692517075342,0.0
0.05,976.4,66.25,1308.75,576838.6628814966,18660562.289062828,9775.692517075342,0.0
0.05,979.4000000000001,66.25,1308.75,576838.6628814966,18660562.289062828,9775.692517075342,0.0
0.05,982.4,66.25,1308.75,576838.6628814966,18660562.289062828,9775.692517075342,0.0
0.05,985.3999999999999,66.25,1308.75,576838.6628814966,18660562.289062828,9775.692517075342,0.0
0.05,988.4000000000001,66.25,1308.75,576838.6628814966,18660562.289062828,9775.692517075342,0.0
0.05,991.4,66.25,1308.75,576838.6628814966,18660562.289062828,9775.692517075342,0.0
0.05,994.4000000000001,66.25,1308.75,576838.6628814966,18660562.289062828,9775.692517075342,0.0
0.05,997.4,66.25,1308.75,576838.6628814966,18660562.289062828,9775.692517075342,0.0
0.05,1000.4,66.25,1308.75,576838.6628814966,18660562.289062828,9775.692517075342,0.0
0.05,1003.4000000000001,66.25,1308.75,576838.6628814966,18660562.289062828,9775.692517075342,0.0
0.05,1006.4,66.25,1308.75,576838.6628814966,18660562.289062828,9775.692517075342,0.0
0.05,1009.4,66.25,1308.75,576838.6628814966,18660562.289062828,9775.692517075342,0.0
0.05,1012.4000000000001,66.25,1308.75,576838.6628814966,18660562.289062828,9775.692517075342,0.0
0.05,1015.4,66.25,1308.75,576838.6628814966,18660562.289062828,9775.692517075342,0.0
0.05,1018.4,66.25,1308.75,576838.6628814966,18660562.289062828,9775.692517075342,0.0
0.05,1021.4000000000001,66.25,1308.75,576838.6628814966,18660562.289062828,9775.692517075342,0.0
0.05,1024.4,66.25,1308.75,576838.6628814966,18660562.289062828,9775.692517075342,0.0
0.05,1027.3999999999999,66.25,1308.75,576838.6628814966,18660562.289062828,9775.692517075342,0.0
0.05,1030.4,66.25,1308.75,576838.6628814966,18660562.289062828,9775.692517075342,0.0
0.05,1033.3999999999999,66.25,1308.75,576838.6628814966,18660562.289062828,9775.692517075342,0.0
0.05,1036.4,66.25,1308.75,576838.6628814966,18660562.289062828,9775.692517075342,0.0
0.05,1039.4,66.25,1308.75,576838.6628814966,18660562.289062828,9775.692517075342,0.0
0.05,1042.3999999999999,66.25,1308.75,576838.6628814966,18660562.289062828,9775.692517075342,0.0
0.05,1045.4,66.25,1308.75,576838.6628814966,18660562.289062828,9775.692517075342,0.0
0.05,1048.4,66.25,1308.75,576838.6628814966,18660562.289062828,9775.692517075342,0.0
0.05,1051.3999999999999,66.25,1308.75,576838.6628814966,18660562.289062828,9775.692517075342,0.0
0.05,1054.4,66.25,1308.75,576838.6628814966,18660562.289062828,9775.692517075342,0.0
0.05,1057.4,66.25,1308.75,576838.6628814966,18660562.289062828,9775.692517075342,0.0
0.05,1060.3999999999999,66.25,1308.75,576838.6628814966,18660562.289062828,9775.692517075342,0.0
0.05,1063.4,66.25,1308.75,576838.6628814966,18660562.289062828,9775.692517075342,0.0
0.05,1066.3999999999999,66.25,1308.75,576838.6628814966,18660562.289062828,9775.692517075342,0.0
0.05,1069.4,66.25,1308.75,576838.6628814966,18660562.289062828,9775.692517075342,0.0
0.05,1072.4,66.25,1308.75,576838.6628814966,18660562.289062828,9775.692517075342,0.0
0.05,1075.3999999999999,66.25,1308.75,576838.6628814966,18660562.289062828,9775.692517075342,0.0
0.05,1078.4,66.25,1308.75,576838.6628814966,18660562.289062828,9775.692517075342,0.0
0.05,1081.4,66.25,1308.75,576838.6628814966,18660562.289062828,9775.692517075342,0.0
0.05,1084.3999999999999,66.25,1308.75,576838.6628814966,18660562.289062828,9775.692517075342,0.0
0.05,1087.4,66.25,1308.75,576838.6628814966,18660562.289062828,9775.692517075342,0.0
0.05,1090.4,66.25,1308.75,576838.6628814966,18660562.289062828,9775.692517075342,0.0
0.05,1093.3999999999999,66.25,1308.75,576838.6628814966,18660562.289062828,9775.692517075342,0.0
0.05,1096.6,66.25,1308.75,576838.6628814966,18660562.289062828,9775.692517075342,0.0
0.05,1099.8,66.25,1308.75,576838.6628814966,18660562.289062828,9775.692517075342,0.0
0.05,1103.0,66.25,1308.75,576838.6628814966,18660562.289062828,9775.692517075342,0.0
0.05,1106.2,66.25,1308.75,576838.6628814966,18660562.289062828,9775.692517075342,0.0
0.05,1109.3999999999999,66.25,1308.75,576838.6628814966,18660562.289062828,9775.692517075342,0.0
0.05,1112.6,66.25,1308.75,576838.6628814966,18660562.289062828,9775.692517075342,0.0
0.05,1115.8,66.25,1308.75,576838.6628814966,18660562.289062828,9775.692517075342,0.0
0.05,1119.0,66.25,1308.75,576838.6628814966,18660562.289062828,9775.692517075342,0.0
0.05,1122.2,66.25,1308.75,576838.6628814966,18660562.289062828,9775.692517075342,0.0
0.05,1125.3999999999999,66.25,1308.75,576838.6628814966,18660562.289062828,9775.692517075342,0.0
0.05,1128.6,66.25,1308.75,576838.6628814966,18660562.289062828,9775.692517075342,0.0
0.05,1131.8,66.25,1308.75,576838.6628814966,18660562.289062828,9775.692517075342,0.0
0.05,1135.0,66.25,1308.75,576838.6628814966,18660562.289062828,9775.692517075342,0.0
0.05,1138.2,66.25,1308.75,576838.6628814966,18660562.289062828,9775.692517075342,0.0
0.05,1141.3999999999999,66.25,1308.75,576838.6628814966,18660562.289062828,9775.692517075342,0.0
0.05,1144.6,66.25,1308.75,576838.6628814966,18660562.289062828,9775.692517075342,0.0
0.05,1147.8,66.25,1308.75,576838.6628814966,18660562.289062828,9775.692517075342,0.0
0.05,1151.0,66.25,1308.75,576838.6628814966,18660562.289062828,9775.692517075342,0.0
0.05,1154.2,66.25,1308.75,576838.6628814966,18660562.289062828,9775.692517075342,0.0
0.05,1157.4,66.25,1308.75,576838.6628814966,18660562.289062828,9775.692517075342,0.0
0.05,1160.6,66.25,1308.75,576838.6628814966,18660562.289062828,9775.692517075342,0.0
0.05,1163.8,66.25,1308.75,576838.6628814966,18660562.289062828,9775.692517075342,0.0
0.05,1167.0,66.25,1308.75,576838.6628814966,18660562.289062828,9775.692517075342,0.0
0.05,1170.2,66.25,1308.75,576838.6628814966,18660562.289062828,9775.692517075342,0.0
0.05,1173.4,66.25,1308.75,576838.6628814966,18660562.289062828,9775.692517075342,0.0
0.05,1176.6,66.25,1308.75,576838.6628814966,18660562.289062828,9775.692517075342,0.0
0.05,1179.8,66.25,1308.75,576838.6628814966,18660562.289062828,9775.692517075342,0.0
0.05,1183.0,66.25,1308.75,576838.6628814966,18660562.289062828,9775.692517075342,0.0
0.05,1186.2,66.25,1308.75,576838.6628814966,18660562.289062828,9775.692517075342,0.0
0.05,1189.4,66.25,1308.75,576838.6628814966,18660562.289062828,9775.692517075342,0.0
0.05,1192.6,66.25,1308.75,576838.6628814966,18660562.289062828,9775.692517075342,0.0
0.05,1195.8,66.25,1308.75,576838.6628814966,18660562.289062828,9775.692517075342,0.0
0.05,1199.0,66.25,1308.75,576838.6628814966,18660562.289062828,9775.692517075342,0.0
0.05,1202.2,66.25,1308.75,576838.6628814966,18660562.289062828,9775.692517075342,0.0
0.05,1205.4,66.25,1308.75,576838.6628814966,18660562.289062828,9775.692517075342,0.0
0.05,1208.6000000000001,66.25,1308.75,576838.6628814966,18660562.289062828,9775.692517075342,0.0
0.05,1211.8,66.25,1308.75,576838.6628814966,18660562.289062828,9775.692517075342,0.0
0.05,1215.0,66.25,1308.75,576838.6628814966,18660562.289062828,9775.692517075342,0.0
