P,num_trading_agents_SM
0.01,11
0.01,11
0.01,12
0.01,12
0.01,12
0.01,12
0.01,13
0.01,13
0.01,11
0.01,12
0.01,12
0.01,12
0.01,12
0.01,13
0.01,13
0.01,12
0.01,12
0.01,12
0.01,12
0.01,14
0.01,12
0.01,12
0.01,11
0.01,13
0.01,12
0.01,12
0.01,11
0.01,13
0.01,12
0.01,11
0.01,13
0.01,12
0.01,13
0.01,13
0.01,11
0.01,13
0.01,13
0.01,12
0.01,11
0.01,12
0.01,12
0.01,13
0.01,12
0.01,12
0.01,12
0.01,13
0.01,12
0.01,13
0.01,12
0.01,13
0.01,11
0.01,13
0.01,13
0.01,12
0.01,12
0.01,13
0.01,12
0.01,11
0.01,12
0.01,11
0.01,12
0.01,13
0.01,13
0.01,12
0.01,12
0.01,12
0.01,13
0.01,12
0.01,13
0.01,11
0.01,12
0.01,11
0.01,11
0.01,13
0.01,9
0.01,12
0.01,13
0.01,12
0.01,12
0.01,12
0.01,12
0.01,13
0.01,12
0.01,11
0.01,9
0.01,12
0.01,13
0.01,11
0.01,12
0.01,13
0.01,12
0.01,13
0.01,13
0.01,13
0.01,12
0.01,13
0.01,12
0.01,12
0.01,12
0.02,23
0.02,19
0.02,20
0.02,22
0.02,22
0.02,22
0.02,22
0.02,22
0.02,19
0.02,19
0.02,21
0.02,20
0.02,20
0.02,20
0.02,20
0.02,22
0.02,20
0.02,23
0.02,18
0.02,23
0.02,20
0.02,21
0.02,20
0.02,20
0.02,22
0.02,20
0.02,21
0.02,19
0.02,21
0.02,22
0.02,22
0.02,20
0.02,23
0.02,20
0.02,20
0.02,23
0.02,19
0.02,23
0.02,21
0.02,21
0.02,20
0.02,20
0.02,20
0.02,22
0.02,22
0.02,20
0.02,21
0.02,22
0.02,19
0.02,22
0.02,21
0.02,20
0.02,20
0.02,20
0.02,22
0.02,20
0.02,22
0.02,20
0.02,17
0.02,20
0.02,22
0.02,23
0.02,24
0.02,19
0.02,19
0.02,23
0.02,19
0.02,22
0.02,22
0.02,23
0.02,20
0.02,20
0.02,22
0.02,21
0.02,23
0.02,19
0.02,21
0.02,21
0.02,21
0.02,21
0.02,22
0.02,19
0.02,23
0.02,19
0.02,22
0.02,20
0.02,23
0.02,20
0.02,19
0.02,19
0.02,23
0.02,21
0.02,22
0.03,32
0.03,31
0.03,30
0.03,32
0.03,32
0.03,34
0.03,34
0.03,31
0.03,29
0.03,30
0.03,30
0.03,28
0.03,32
0.03,28
0.02,20
0.02,18
0.02,19
0.03,30
0.03,33
0.03,33
0.03,33
0.03,30
0.03,32
0.03,35
0.03,32
0.03,30
0.03,30
0.03,31
0.03,31
0.03,31
0.03,31
0.03,31
0.03,34
0.03,30
0.03,31
0.03,34
0.03,31
0.03,33
0.03,30
0.03,30
0.03,34
0.03,31
0.03,33
0.03,31
0.03,34
0.03,29
0.03,31
0.03,31
0.03,32
0.03,30
0.03,28
0.03,32
0.03,30
0.03,30
0.03,30
0.03,31
0.03,30
0.03,31
0.03,30
0.03,29
0.03,31
0.03,31
0.03,33
0.03,30
0.03,33
0.03,32
0.03,28
0.03,32
0.03,31
0.03,29
0.03,30
0.03,33
0.03,33
0.03,35
0.03,30
0.03,33
0.03,31
0.03,34
0.03,27
0.03,31
0.03,31
0.03,30
0.03,33
0.03,32
0.03,31
0.03,30
0.03,32
0.03,32
0.03,32
0.03,34
0.03,30
0.03,30
0.03,35
0.03,30
0.03,29
0.03,29
0.03,30
0.03,31
0.03,31
0.03,30
0.04,40
0.04,39
0.04,40
0.04,42
0.04,38
0.04,42
0.04,37
0.04,40
0.04,37
0.04,36
0.04,37
0.04,40
0.04,41
0.04,39
0.04,42
0.04,41
0.04,39
0.04,42
0.04,40
0.04,38
0.04,39
0.04,41
0.04,38
0.04,40
0.04,38
0.04,38
0.04,41
0.04,39
0.04,39
0.04,37
0.04,44
0.04,38
0.04,42
0.04,41
0.04,43
0.04,39
0.04,37
0.04,42
0.04,42
0.04,40
0.04,39
0.04,41
0.04,40
0.04,42
0.04,40
0.04,36
0.04,39
0.04,37
0.04,40
0.04,38
0.04,41
0.04,40
0.04,37
0.04,40
0.04,39
0.04,39
0.04,39
0.04,39
0.04,39
0.04,39
0.04,41
0.04,40
0.04,40
0.04,41
0.04,39
0.03,31
0.04,39
0.04,36
0.04,37
0.04,39
0.04,43
0.04,41
0.04,35
0.04,40
0.04,40
0.04,38
0.04,43
0.04,40
0.04,39
0.04,37
0.04,40
0.04,40
0.04,43
0.04,39
0.04,38
0.04,43
0.04,42
0.04,39
0.04,38
0.04,39
0.04,39
0.04,39
0.04,39
0.04,39
0.04,39
0.05,48
0.05,51
0.05,50
0.05,48
0.05,47
0.05,49
0.05,50
0.05,48
0.05,47
0.05,51
0.05,46
0.05,50
0.05,47
0.05,49
0.05,49
0.05,51
0.05,47
0.05,49
0.05,53
0.05,49
0.05,49
0.05,51
0.05,48
0.05,49
0.05,49
0.05,47
0.05,49
0.05,49
0.05,48
0.05,50
0.05,46
0.05,49
0.05,51
0.05,48
0.05,49
0.05,47
0.05,48
0.05,51
0.05,45
0.05,49
0.05,51
0.05,50
0.05,49
0.05,50
0.05,46
0.05,49
0.05,48
0.05,51
0.05,49
0.05,47
0.05,49
0.05,51
0.05,48
0.05,49
0.05,50
0.05,48
0.05,47
0.05,46
0.05,51
0.05,48
0.05,49
0.05,50
0.05,45
0.05,46
0.05,49
0.05,49
0.05,47
0.05,50
0.05,50
0.05,53
0.05,51
0.05,45
0.05,49
0.05,48
0.05,49
0.05,47
0.05,44
0.05,52
0.05,49
0.05,50
0.05,49
0.05,49
0.05,48
0.05,50
0.05,49
0.05,47
0.05,52
0.05,52
0.05,47
0.05,49
0.05,48
0.05,46
0.05,49
0.05,44
0.05,48
0.06,56
0.06,59
0.06,58
0.06,55
0.06,59
0.06,55
0.06,59
0.06,59
0.06,55
0.06,56
0.06,58
0.06,56
0.06,54
0.06,60
0.06,54
0.06,57
0.06,61
0.06,58
0.06,58
0.06,56
0.06,56
0.06,62
0.06,59
0.06,59
0.06,56
0.06,61
0.06,59
0.06,55
0.06,57
0.06,59
0.06,62
0.06,59
0.06,59
0.06,59
0.06,58
0.06,59
0.06,60
0.06,56
0.06,57
0.06,61
0.06,59
0.06,57
0.06,58
0.06,58
0.06,58
0.06,57
0.06,55
0.06,57
0.06,59
0.06,60
0.06,58
0.06,54
0.06,59
0.06,59
0.06,59
0.06,55
0.06,55
0.06,59
0.06,58
0.06,60
0.06,56
0.06,61
0.06,57
0.06,56
0.06,56
0.06,54
0.06,60
0.06,59
0.06,59
0.06,58
0.06,61
0.06,56
0.06,58
0.06,58
0.06,59
0.06,56
0.06,58
0.06,54
0.06,59
0.06,59
0.06,58
0.06,58
0.06,59
0.06,59
0.06,58
0.06,59
0.06,56
0.06,62
0.06,60
0.06,55
0.06,59
0.06,58
0.06,57
0.06,57
0.06,54
0.06,57
0.07,71
0.06,59
0.07,66
0.07,66
0.07,68
0.07,63
0.07,69
0.07,67
0.07,72
0.07,63
0.07,67
0.07,69
0.07,64
0.07,66
0.07,66
0.07,65
0.07,71
0.07,65
0.07,68
0.07,69
0.07,65
0.07,65
0.07,66
0.07,68
0.07,68
0.07,69
0.07,69
0.07,67
0.07,71
0.07,65
0.07,67
0.07,66
0.07,73
0.07,69
0.07,68
0.07,68
0.07,68
0.07,67
0.07,70
0.07,67
0.07,70
0.07,67
0.07,67
0.07,65
0.07,69
0.07,66
0.07,64
0.07,70
0.07,68
0.07,67
0.07,68
0.07,68
0.07,63
0.07,70
0.07,66
0.07,70
0.07,66
0.07,66
0.07,69
0.07,66
0.07,66
0.07,69
0.07,65
0.07,67
0.07,64
0.07,65
0.07,69
0.07,71
0.07,69
0.07,69
0.07,66
0.07,68
0.07,67
0.07,67
0.07,69
0.07,66
0.07,70
0.07,62
0.07,70
0.07,68
0.07,69
0.07,68
0.07,67
0.07,69
0.07,68
0.07,69
0.07,65
0.07,66
0.07,70
0.07,70
0.07,73
0.07,67
0.07,67
0.07,65
0.08,75
0.07,66
0.07,67
0.08,73
0.08,75
0.08,78
0.08,78
0.08,75
0.07,70
0.08,75
0.07,64
0.08,76
0.07,68
0.08,80
0.08,74
0.08,73
0.08,74
0.08,79
0.08,73
0.08,74
0.08,73
0.08,80
0.08,75
0.08,71
0.08,77
0.08,76
0.08,79
0.08,73
0.08,74
0.08,76
0.08,77
0.08,77
0.08,79
0.08,75
0.08,77
0.08,80
0.08,76
0.08,75
0.08,79
0.08,76
0.08,76
0.08,77
0.08,77
0.08,79
0.08,75
0.08,74
0.08,74
0.08,76
0.08,76
0.08,79
0.08,75
0.08,73
0.08,78
0.08,77
0.08,78
0.08,77
0.08,75
0.08,73
0.08,77
0.08,77
0.08,72
0.08,75
0.08,77
0.08,76
0.08,72
0.08,75
0.08,77
0.08,77
0.08,74
0.08,72
0.08,75
0.08,77
0.08,76
0.08,78
0.08,77
0.08,76
0.08,78
0.08,77
0.08,73
0.08,75
0.08,77
0.08,72
0.08,76
0.08,79
0.08,78
0.08,77
0.08,77
0.08,76
0.08,80
0.08,74
0.08,78
0.08,77
0.08,75
0.09,88
0.09,85
0.09,85
0.09,87
0.09,88
0.09,85
0.09,82
0.09,82
0.09,82
0.09,86
0.09,83
0.09,86
0.09,83
0.09,83
0.09,84
0.09,91
0.09,84
0.09,88
0.09,81
0.09,86
0.09,85
0.09,84
0.09,85
0.09,85
0.09,86
0.09,87
0.09,85
0.09,85
0.09,82
0.09,86
0.09,87
0.09,89
0.09,81
0.09,84
0.09,89
0.09,88
0.09,86
0.09,83
0.09,87
0.09,86
0.09,87
0.09,84
0.09,85
0.09,86
0.08,72
0.08,75
0.08,76
0.08,76
0.08,78
0.08,80
0.09,87
0.09,84
0.09,88
0.09,85
0.09,83
0.09,87
0.09,85
0.09,87
0.09,85
0.09,87
0.09,81
0.09,85
0.09,88
0.09,82
0.09,87
0.09,86
0.09,82
0.09,84
0.09,85
0.09,87
0.09,83
0.09,85
0.09,88
0.09,85
0.09,83
0.09,81
0.09,84
0.09,86
0.09,88
0.09,88
0.09,84
0.09,85
0.09,85
0.09,86
0.09,83
0.09,87
0.09,87
0.09,82
0.09,87
0.09,85
0.09,85
0.09,90
0.09,88
0.09,85
0.09,88
0.09,87
0.09,79
0.09,88
0.09,84
0.09,89
0.09,84
0.09,86
0.09,84
0.09,89
0.1,92
0.1,90
0.1,91
0.1,95
0.1,94
0.1,94
0.1,90
0.1,90
0.1,88
0.1,94
0.1,88
0.1,94
0.1,92
0.1,89
0.1,90
0.1,98
0.1,90
0.1,93
0.1,93
0.1,94
0.1,93
0.1,89
0.1,95
0.1,94
0.1,93
0.1,90
0.1,92
0.1,90
0.1,93
0.1,95
0.1,92
0.1,95
0.1,91
0.1,88
0.1,94
0.1,90
0.1,90
0.1,95
0.1,94
0.1,92
0.1,91
0.1,90
0.1,93
0.1,93
0.1,96
0.1,94
0.1,88
0.1,92
0.1,94
0.1,95
0.1,86
0.1,94
0.1,94
0.1,95
0.1,94
0.1,91
0.1,93
0.1,98
0.1,87
0.1,94
0.1,92
0.1,89
0.1,94
0.1,91
0.1,92
0.1,90
0.1,91
0.1,94
0.1,93
0.1,95
0.1,91
0.1,93
0.1,93
0.1,93
0.1,95
0.1,92
0.1,90
0.1,96
0.1,94
0.1,87
0.1,90
0.1,92
0.1,91
0.1,94
0.1,97
0.1,92
0.1,96
0.1,92
0.1,93
0.1,94
0.1,95
0.1,87
0.1,91
0.1,92
0.11,103
0.11,104
0.11,97
.11,102
0.1,92
0.1,91
0.1,91
0.11,98
0.11,103
0.11,101
0.11,95
0.11,104
0.11,99
0.11,102
0.11,103
0.11,103
0.11,103
0.11,100
0.11,106
0.11,102
0.11,108
0.11,98
0.11,102
0.11,100
0.11,102
0.11,102
0.11,102
0.11,105
0.11,105
0.11,99
0.11,101
0.11,97
0.11,102
0.11,106
0.11,103
0.11,101
0.11,101
0.11,106
0.11,106
0.11,102
0.11,101
0.11,104
0.11,103
0.11,103
0.11,102
0.11,100
0.11,102
0.11,100
0.11,103
0.11,101
0.11,101
0.11,99
0.11,106
0.11,103
0.11,104
0.11,105
0.11,107
0.11,107
0.11,96
0.11,106
0.11,101
0.11,105
0.11,106
0.11,97
0.11,104
0.11,102
0.11,99
0.11,102
0.11,108
0.11,101
0.11,101
0.11,98
0.11,105
0.11,103
0.11,103
0.11,106
0.11,101
0.11,104
0.11,103
0.11,99

0.11,105
0.11,96
0.11,100
0.11,100
0.11,103
0.11,99
0.11,105
0.11,105
0.11,99
0.11,102
0.11,102
0.11,99
0.11,107
0.11,98
0.11,101
0.11,104
0.12,106
0.11,101
0.11,105
0.11,102
0.12,105
0.12,110
0.12,110
0.12,115
0.12,105
0.12,110
0.12,111
0.12,108
0.12,106
0.12,113
0.12,105
0.12,110
0.12,111
0.12,108
0.12,115
0.12,110
0.12,107
0.12,113
0.12,111
0.12,117
0.12,103
0.12,110
0.12,112
0.12,109
0.12,111
0.12,113
0.12,107
0.12,108
0.12,117
0.12,106
0.12,110
0.12,113
0.12,117
0.11,98
0.12,110
0.12,110
0.12,110
0.12,110
0.12,111
0.12,112
0.12,109
0.12,111
0.12,109
0.12,107
0.12,110
0.12,110
0.12,109
0.12,114
0.12,111
0.12,108
0.12,112
0.12,105
0.12,114
0.12,113
0.12,107
0.12,106
0.12,111
0.12,108
0.12,112
0.12,108
0.12,112
0.12,110
0.12,112
0.12,108
0.12,115
0.12,109
0.12,107
0.12,112
0.12,109
0.12,114
0.12,110
0.12,111
0.12,112
0.12,107
0.12,112
0.12,109
0.12,107
0.12,106
0.12,112
0.12,107
0.12,105
0.12,107
0.12,109
0.12,113
0.12,111
0.12,113
0.12,111
0.12,109
0.12,107
0.12,115
0.12,106
0.12,110
0.12,105
0.12,112
0.12,112
0.13,125
0.12,108
0.13,122
0.13,121
0.13,120
0.13,118
0.13,116
0.13,128
0.13,122
0.13,118
0.13,115
0.13,119
0.13,117
0.13,121
0.13,119
0.13,121
0.13,122
0.13,123
0.13,125
0.13,114
0.13,126
0.13,118
0.13,120
0.13,122
0.13,122
0.13,128
0.13,113
0.13,123
0.13,124
0.13,117
0.13,116
0.13,128
0.13,120
0.13,119
0.13,119
0.13,126
0.13,125
0.13,121
0.13,126
0.13,123
0.13,122
0.13,119
0.13,121
0.13,119
0.13,119
0.13,122
0.13,125
0.13,127
0.13,118
0.13,111
0.13,122
0.13,121
0.13,123
0.13,122
0.13,121
0.13,121
0.13,126
0.13,120
0.13,121
0.13,118
0.13,123
0.13,122
0.13,122
0.13,116
0.13,120
0.13,118
0.13,120
0.13,123
0.13,119
0.13,120
0.13,127
0.13,120
0.13,124
0.13,121
0.13,122
0.13,122
0.13,124
0.13,120
0.13,119
0.13,129
0.13,122
0.13,120
0.13,121
0.13,119
0.13,122
0.13,117
0.13,119
0.13,116
0.13,116
0.13,119
0.13,126
0.13,123
0.13,124
0.13,126
0.13,121
0.13,121
0.13,117
0.13,116
0.13,123
0.14,136
0.14,130
0.14,130
0.14,131
0.14,137
0.14,127
0.14,128
0.14,127
0.14,132
0.14,129
0.14,133
0.14,124
0.14,133
0.14,133
0.14,127
0.14,132
0.14,122
0.14,130
0.14,133
0.14,133
0.14,136
0.14,136
0.14,132
0.14,138
0.14,135
0.14,128
0.14,124
0.14,128
0.14,128
0.14,130
0.14,130
0.14,137
0.14,129
0.14,138
0.14,137
0.14,132
0.14,132
0.14,133
0.14,133
0.14,131
0.14,129
0.14,129
0.14,130
0.14,135
0.14,135
0.14,134
0.14,131
0.14,132
0.14,124
0.14,131
0.14,135
0.14,134
0.14,130
0.14,130
0.14,133
0.14,126
0.14,130
0.14,131
0.14,134
0.14,132
0.14,128
0.14,127
0.14,129
0.14,131
0.14,130
0.14,130
0.14,134
0.14,130
0.14,134
0.14,131
0.14,132
0.14,133
0.14,131
0.14,134
0.14,129
0.14,132
0.14,129
0.14,132
0.14,127
0.14,127
0.14,127
0.14,125
0.14,133
0.14,138
0.14,130
0.14,136
0.14,136
0.14,134
0.14,131
0.14,134
0.14,129
0.14,130
0.14,129
0.14,134
0.15,137
0.14,133
0.15,141
0.15,138
0.15,141
0.15,147
0.15,140
0.15,145
0.15,136
0.15,137
0.15,135
0.15,144
0.15,138
0.15,139
0.15,136
0.15,140
0.15,141
0.15,143
0.15,142
0.15,142
0.15,136
0.15,146
0.15,134
0.15,141
0.15,146
0.15,142
0.15,138
0.15,140
0.15,139
0.15,139
0.15,134
0.15,137
0.15,138
0.15,148
0.15,141
0.15,139
0.15,147
0.15,147
0.15,146
0.15,140
0.15,141
0.15,139
0.15,142
0.15,139
0.15,142
0.15,136
0.15,142
0.15,141
0.15,142
0.15,145
0.15,129
0.15,141
0.15,142
0.15,139
0.15,134
0.15,145
0.15,144
0.15,136
0.15,136
0.15,134
0.15,144
0.15,143
0.15,144
0.15,140
0.15,138
0.15,134
0.15,138
0.15,140
0.15,140
0.15,142
0.15,138
0.15,141
0.15,141
0.15,141
0.15,142
0.15,142
0.15,139
0.15,146
0.15,142
0.15,139
0.15,142
0.15,139
0.15,135
0.15,138
0.15,136
0.15,141
0.15,143
0.15,148
0.15,142
0.15,141
0.15,140
0.15,139
0.15,136
0.15,137
0.15,140
0.16,157
0.16,149
0.15,141
0.16,155
0.15,145
0.16,148
0.16,144
0.16,143
0.16,147
0.16,146
0.16,141
0.16,140
0.16,144
0.16,150
0.16,146
0.16,144
0.16,149
0.16,141
0.16,148
0.16,150
0.16,150
0.16,154
0.16,142
0.16,141
0.16,149
0.16,148
0.16,144
0.16,151
0.16,139
0.16,149
0.16,153
0.16,145
0.16,146
0.16,148
0.16,154
0.16,147
0.16,147
0.16,153
0.16,153
0.16,149
0.16,144
0.16,152
0.16,149
0.15,138
0.16,153
0.16,151
0.16,148
0.16,148
0.16,151
0.16,142
0.16,153
0.16,147
0.16,136
0.16,147
0.16,145
0.16,149
0.16,141
0.16,142
0.16,151
0.16,139
0.16,139
0.16,147
0.16,153
0.16,152
0.16,141
0.16,146
0.16,146
0.16,147
0.16,153
0.16,147
0.16,147
0.16,151
0.16,146
0.16,148
0.16,151
0.16,144
0.16,147
0.16,146
0.16,143
0.16,146
0.16,147
0.16,156
0.16,148
0.16,143
0.16,141
0.16,150
0.16,144
0.16,143
0.16,150
0.16,150
0.16,148
0.16,150
0.17,160
0.16,145
0.16,145
0.16,145
0.16,148
0.16,146
0.16,154
0.17,156
0.17,154
0.17,147
0.16,142
0.16,147
0.17,158
0.17,158
0.17,153
0.17,164
0.17,153
0.17,151
0.17,159
0.17,163
0.17,157
0.17,153
0.17,152
0.17,160
0.17,150
0.17,160
0.17,148
0.17,155
0.17,165
0.17,162
0.17,154
0.17,153
0.17,157
0.17,148
0.17,155
0.17,162
0.17,164
0.17,159
0.17,158
0.17,155
0.17,161
0.17,163
0.17,155
0.17,163
0.17,150
0.17,163
0.17,157
0.17,158
0.17,160
0.17,154
0.17,159
0.17,159
0.17,159
0.17,156
0.17,160
0.17,158
0.17,152
0.17,150
0.17,156
0.17,155
0.17,162
0.17,148
0.17,145
0.17,150
0.17,158
0.17,149
0.17,161
0.17,151
0.17,161
0.17,153
0.17,155
0.17,161
0.17,147
0.17,144
0.17,154
0.17,154
0.17,157
0.17,153
0.17,153
0.17,158
0.17,158
0.17,155
0.17,157
0.17,152
0.17,154
0.17,158
0.17,151
0.17,153
0.17,148
0.17,150
0.17,168
0.17,157
0.17,155
0.17,154
0.17,157
0.17,153
0.17,157
0.17,153
0.17,159
0.17,153
0.17,150
0.17,155
0.17,163
0.18,163
0.18,165
0.18,172
0.18,160
0.18,154
0.18,155
0.18,171
0.18,165
0.18,158
0.18,168
0.18,159
0.18,159
0.17,154
0.18,161
0.18,162
0.18,168
0.18,171
0.18,157
0.18,164
0.18,151
0.18,167
0.18,167
0.18,154
0.18,154
0.18,161
0.17,157
0.18,160
0.18,165
0.18,160
0.18,163
0.18,170
0.18,159
0.18,169
0.18,163
0.18,158
0.18,163
0.18,169
0.18,169
0.18,157
0.18,164
0.18,165
0.18,165
0.18,165
0.18,160
0.18,163
0.18,166
0.18,166
0.18,166
0.18,158
0.18,161
0.18,153
0.18,162
0.18,162
0.18,159
0.18,153
0.18,155
0.18,160
0.18,170
0.18,158
0.18,166
0.18,160
0.18,151
0.18,165
0.18,156
0.18,163
0.18,160
0.18,161
0.18,161
0.18,158
0.18,161
0.18,159
0.18,158
0.18,160
0.18,159
0.18,166
0.18,153
0.18,159
0.18,158
0.18,163
0.18,167
0.18,171
0.18,163
0.18,161
0.18,161
0.18,165
0.18,157
0.18,162
0.19,176
0.18,168
0.19,169
0.19,173
0.19,172
0.19,185
0.19,166
0.19,177
0.19,173
0.19,170
0.19,173
0.19,167
0.19,169
0.18,162
0.18,166
0.18,161
0.19,176
0.19,179
0.18,158
0.19,176
0.19,173
0.19,161
0.19,170
0.19,179
0.19,170
0.18,160
0.19,160
0.19,164
0.19,167
0.19,168
0.19,167
0.19,178
0.19,181
0.19,174
0.19,173
0.19,174
0.19,167
0.19,165
0.19,180
0.19,164
0.19,168
0.19,170
0.19,174
0.19,175
0.19,178
0.19,174
0.19,173
0.19,170
0.19,175
0.19,163
0.19,176
0.19,172
0.19,175
0.19,173
0.19,169
0.19,168
0.19,172
0.19,166
0.19,163
0.19,171
0.19,177
0.19,165
0.19,165
0.19,176
0.19,170
0.19,171
0.19,168
0.19,171
0.19,166
0.19,167
0.19,162
0.19,164
0.19,176
0.19,173
0.19,174
0.19,166
0.19,171
0.19,168
0.19,168
0.19,171
0.19,174
0.19,176
0.19,164
0.19,169
0.19,172
0.19,175
0.19,172
0.19,167
0.19,170
0.19,180
0.19,173
0.19,166
0.19,172
0.19,165
0.19,174
0.19,168
0.19,171
0.19,174
0.2,184
0.2,184
0.2,176
0.2,193
0.2,180
0.19,169
0.2,188
0.19,170
0.2,182
0.2,177
0.2,187
0.2,172
0.2,180
0.2,183
0.2,185
0.2,175
0.19,166
0.2,182
0.19,172
0.2,167
0.2,171
0.2,185
0.19,179
0.2,180
0.2,177
0.2,182
0.2,186
0.2,178
0.2,180
0.2,175
0.2,186
0.2,172
0.2,181
0.2,176
0.2,187
0.2,183
0.2,178
0.2,176
0.2,188
0.2,181
0.2,175
0.2,171
0.2,177
0.2,181
0.2,186
0.2,182
0.2,179
0.2,181
0.2,179
0.2,184
0.2,180
0.2,186
0.2,180
0.2,176
0.2,170
0.2,176
0.2,179
0.2,186
0.2,174
0.2,170
0.2,179
0.2,174
0.2,172
0.2,187
0.2,184
0.2,173
0.2,175
0.2,173
0.2,177
0.2,179
0.2,179
0.2,177
0.2,177
0.2,181
0.2,183
0.2,178
0.2,173
0.2,178
0.2,183
0.2,179
0.2,174
0.2,182
0.2,175
0.2,182
0.2,177
0.2,178
0.2,179
0.2,191
0.2,183
0.2,183
0.2,181
0.2,180
0.2,180
0.2,175
0.2,182
0.2,174
0.21,192
0.21,185
0.21,196
0.21,195
0.21,185
0.2,173
0.21,188
0.21,183
0.21,202
0.21,189
0.21,180
0.21,197
0.21,187
0.21,192
0.21,184
0.21,190
0.21,186
0.2,179

0.21,187
0.21,195
0.21,191
0.21,176
0.21,192
0.21,188
0.21,189
0.21,195
0.21,175
0.21,187
0.21,193
0.21,184
0.21,182
0.21,198
0.21,192
0.21,196
0.21,192
0.21,187
0.21,182
0.21,192
0.21,191
0.21,187
0.21,177
0.21,189
0.21,192
0.21,188
0.21,192
0.21,184
0.21,194
0.21,190
0.21,198
0.21,178
0.21,192
0.21,184
0.21,186
0.21,188
0.21,192
0.21,182
0.21,193
0.21,195
0.21,185
0.21,186
0.21,189
0.21,187
0.21,187
0.21,189
0.21,180
0.21,183
0.21,190
0.21,184
0.21,195
0.21,185
0.21,187
0.21,196
0.21,185
0.21,188
0.21,188
0.21,194
0.21,185
0.21,195
0.21,190
0.21,187
0.21,187
0.21,182
0.21,183
0.21,192
0.21,188
0.21,184
0.21,187
0.21,187
0.21,192
0.21,184
0.21,186
0.21,191
0.21,188
0.21,191
0.21,189
0.21,190
0.22,201
0.22,205
0.22,200
0.22,191
0.22,197
0.22,195
0.22,183
0.22,208
0.22,197
0.22,191
0.22,187
0.22,196
0.22,197
0.22,205
0.22,197
0.22,196
0.22,200
0.22,189
0.22,196
0.22,204
0.22,198
0.22,192
0.22,185
0.22,199
0.22,186
0.22,204
0.22,191
0.22,191
0.22,206
0.22,197
0.22,197
0.22,190
0.22,195
0.22,204
0.22,200
0.22,196
0.21,181
0.22,201
0.22,196
0.22,197
0.22,185
0.22,188
0.22,198
0.22,197
0.22,192
0.22,198
0.22,195
0.22,203
0.22,201
0.22,184
0.22,193
0.22,192
0.22,190
0.22,193
0.22,186
0.22,200
0.22,193
0.22,193
0.22,198
0.22,208
0.22,197
0.22,195
0.22,202
0.22,197
0.22,190
0.22,192
0.22,189
0.22,188
0.22,199
0.22,192
0.22,191
0.22,192
0.22,194
0.22,189
0.22,189
0.22,198
0.22,205
0.22,198
0.22,191
0.22,189
0.22,195
0.22,199
0.22,201
0.22,187
0.22,195
0.22,192
0.22,191
0.22,201
0.22,192
0.22,200
0.22,202
0.22,198
0.22,193
0.22,195
0.23,204
0.22,195
0.22,199
0.23,200
0.23,214
0.23,210
0.23,201
0.23,201
0.23,212
0.23,204
0.23,199
0.23,201
0.23,210
0.23,193
0.23,204
0.23,190
0.23,203
0.23,190
0.23,201
0.23,210
0.23,191
0.23,202
0.23,198
0.23,202
0.23,206
0.23,191
0.23,198
0.23,208
0.23,203
0.23,214
0.23,197
0.23,197
0.23,207
0.23,201
0.22,199
0.23,212
0.23,208
0.23,204
0.23,202
0.23,204
0.23,202
0.23,196
0.23,199
0.23,187
0.23,203
0.23,198
0.23,210
0.23,207
0.23,201
0.23,208
0.23,204
0.23,206
0.23,196
0.23,194
0.23,186
0.23,199
0.23,194
0.23,205
0.23,195
0.23,206
0.23,208
0.23,209
0.23,196
0.23,200
0.23,192
0.23,201
0.23,194
0.23,203
0.23,197
0.23,201
0.23,207
0.23,195
0.23,201
0.23,204
0.23,206
0.23,197
0.23,212
0.23,199
0.23,204
0.23,203
0.23,190
0.23,200
0.23,192
0.23,201
0.23,199
0.23,198
0.23,208
0.23,210
0.23,201
0.23,208
0.23,200
0.23,207
0.23,205
0.23,204
0.23,203
0.23,200
0.24,209
0.24,204
0.24,216
0.24,206
0.24,203
0.24,212
0.24,205
0.24,218
0.24,212
0.24,213
0.24,214
0.24,196
0.24,206
0.23,200
0.24,210
0.24,206
0.24,198
0.24,213
0.24,198
0.24,218
0.24,209
0.24,206
0.24,198
0.24,196
0.24,206
0.24,208
0.24,212
0.24,201
0.24,207
0.24,221
0.24,212
0.24,206
0.24,220
0.24,208
0.24,212
0.24,216
0.24,205
0.24,203
0.24,199
0.24,211
0.24,206
0.24,210
0.24,205
0.24,205
0.24,212
0.24,210
0.24,204
0.24,214
0.24,202
0.24,199
0.24,206
0.24,206
0.24,206
0.24,207
0.24,216
0.24,207
0.24,210
0.24,199
0.24,203
0.24,210
0.24,215
0.24,199
0.24,210
0.24,208
0.24,209
0.24,201
0.24,204
0.24,215
0.24,211
0.24,209
0.24,210
0.24,215
0.24,214
0.24,207
0.24,206
0.24,202
0.24,217
0.24,200
0.24,209
0.24,208
0.24,203
0.24,209
0.24,210
0.24,200
0.24,201
0.24,206
0.24,209
0.24,210
0.24,209
0.24,210
0.24,208
0.24,205
0.24,214
0.24,205
0.24,208
0.24,207
0.25,219
0.25,219
0.24,212
0.25,219
0.25,209
0.25,212
0.25,222
0.25,218
0.25,216
0.25,217
0.25,215
0.25,219
0.25,203
0.25,217
0.25,202
0.25,216
0.25,204
0.25,225
0.25,215
0.25,216
0.25,210
0.25,200
0.25,214
0.25,200
0.25,213
0.25,213
0.25,219
0.25,219
0.25,222
0.25,213
0.25,203
0.25,224
0.25,226
0.25,215
0.25,210
0.25,210
0.25,221
0.25,215
0.25,214
0.25,219
0.25,210
0.25,202
0.25,207
0.25,212
0.25,213
0.25,212
0.25,216
0.25,223
0.25,209
0.25,214
0.25,206
0.25,206
0.25,218
0.25,210
0.25,215
0.25,224
0.25,208
0.25,217
0.25,208
0.25,220
0.25,207
0.25,210
0.25,221
0.25,218
0.25,216
0.25,208
0.25,210
0.25,215
0.25,218
0.25,211
0.25,213
0.25,218
0.25,221
0.25,222
0.25,213
0.25,222
0.25,209
0.25,214
0.25,206
0.25,208
0.25,217
0.25,213
0.25,206
0.25,216
0.25,206
0.25,215
0.25,215
0.25,216
0.25,215
0.25,213
0.25,217
0.25,212
0.25,214
0.25,223
0.25,212
0.25,215
0.25,214
0.25,219
0.25,213
0.26,216
0.26,221
0.26,221
0.26,223
0.26,220
0.26,218
0.26,228
0.26,203
0.26,220
0.26,219
0.26,223
0.26,220
0.26,204
0.26,219
0.26,221
0.26,210
0.26,218
0.26,218
0.26,216
0.26,222
0.26,206
0.26,226
0.26,205
0.26,220
0.26,219
0.26,219
0.26,214
0.26,221
0.26,210
0.26,223
0.26,222
0.26,228
0.26,229
0.26,231
0.26,220
0.26,225
0.26,207
0.26,211
0.26,213
0.26,218
0.26,220
0.26,220
0.26,211
0.26,223
0.26,221
0.26,208
0.26,213
0.26,211
0.26,222
0.26,217
0.26,217
0.26,218
0.26,219
0.26,226
0.26,215
0.26,216
0.26,208
0.26,224
0.26,223
0.26,219
0.26,220
0.26,217
0.26,221
0.26,205
0.26,222
0.26,209
0.26,226
0.26,216
0.26,221
0.26,225
0.26,216
0.26,223
0.26,219
0.26,219
0.26,211
0.26,218
0.26,217
0.26,223
0.26,218
0.26,216
0.26,222
0.26,214
0.26,214
0.26,225
0.26,208
0.26,216
0.26,225
0.26,218
0.26,224
0.26,219
0.26,219
0.26,219
0.26,225
0.26,213
0.26,220
0.27,220
0.26,215
0.26,217
0.26,224
0.27,228
0.27,226
0.27,235
0.27,228
0.27,224
0.27,220
0.27,222
0.27,229
0.27,227
0.27,225
0.27,229
0.27,227
0.27,207
0.27,227
0.27,215
0.27,225
0.27,212
0.27,237
0.27,225
0.27,213
0.27,227
0.27,225
0.27,226
0.27,226
0.27,233
0.27,213
0.27,228
0.27,227
0.27,229
0.27,233
0.27,231
0.27,222
0.27,216
0.27,213
0.27,231
0.27,228
0.27,232
0.27,227
0.27,213
0.27,215
0.27,230
0.27,226
0.27,229
0.27,217
0.27,219
0.27,230
0.27,215
0.27,217
0.27,220
0.27,222
0.27,221
0.27,227
0.27,219
0.27,231
0.27,232
0.27,213
0.27,224
0.27,225
0.27,214
0.27,222
0.27,222
0.27,225
0.27,217
0.27,226
0.27,230
0.27,227
0.27,232
0.27,225
0.27,228
0.27,224
0.27,220
0.27,216
0.27,224
0.27,229
0.27,227
0.27,220
0.27,221
0.27,216
0.27,223
0.27,222
0.27,223
0.27,220
0.27,222
0.27,224
0.27,222
0.27,231
0.27,222
0.27,222
0.27,226
0.27,220
0.27,230
0.27,226
0.27,227
0.28,232
0.27,220
0.28,228
0.28,245
0.28,237
0.28,232
0.28,234
0.28,228
0.28,235
0.28,231
0.28,224
0.28,233
0.28,233
0.28,215
0.28,215
0.28,230
0.28,234
0.28,231
0.28,242
0.28,221
0.28,214
0.28,234
0.28,233
0.28,219
0.28,233
0.28,229
0.28,236
0.28,231
0.28,233
0.28,230
0.28,236
0.28,239
0.28,228
0.28,220
0.28,235
0.28,224
0.28,240
0.28,234
0.28,216
0.28,215
0.28,233
0.28,223
0.28,221
0.28,235
0.28,232
0.28,233
0.28,236
0.28,220
0.28,232
0.28,222
0.28,228
0.28,228
0.28,225
0.28,233
0.28,220
0.28,238
0.28,224
0.28,227
0.28,217
0.28,232
0.28,237
0.28,228
0.28,233
0.28,230
0.28,229
0.28,224
0.28,232
0.28,220
0.28,226
0.28,226
0.28,234
0.28,231
0.28,234
0.28,230
0.28,229
0.28,220
0.28,231
0.28,228
0.28,237
0.28,225
0.28,224
0.28,222
0.28,227
0.28,227
0.28,232
0.28,219
0.28,226
0.28,222
0.28,232
0.28,237
0.28,225
0.28,223
0.28,226
0.28,235
0.28,230
0.28,228
0.29,244
0.28,234
0.28,228
0.29,238
0.29,248
0.29,245
0.29,239
0.29,242
0.29,238
0.29,250
0.29,240
0.29,241
0.29,240
0.29,238
0.29,221
0.29,239
0.29,246
0.29,227
0.29,242
0.29,243
0.29,224
0.29,242
0.29,227
0.29,244
0.29,238
0.29,239
0.29,239
0.29,240
0.29,243
0.29,239
0.29,245
0.29,228
0.29,243
0.29,247
0.29,228
0.29,246
0.29,241
0.29,237
0.29,228
0.29,221
0.29,227
0.29,239
0.29,232
0.29,238
0.29,240
0.29,239
0.29,227
0.29,239
0.29,240
0.29,239
0.29,227
0.29,233
0.29,234
0.29,233
0.29,243
0.29,240
0.29,245
0.29,230
0.29,237
0.29,224
0.29,238
0.29,238
0.29,235
0.29,239
0.29,248
0.29,239
0.29,230
0.29,233
0.29,234
0.29,239
0.29,237
0.29,244
0.29,244
0.29,230
0.29,242
0.29,237
0.29,242
0.29,229
0.29,243
0.29,231
0.29,237
0.29,227
0.29,234
0.29,233
0.29,235
0.29,231
0.29,230
0.29,244
0.29,235
0.29,236
0.29,239
0.29,235
0.29,239
0.29,229
0.29,235
0.29,229
0.3,249
0.29,246
0.3,247
0.3,261
0.3,245
0.3,248
0.3,254
0.3,247
0.3,235
0.3,251
0.3,242
0.3,228
0.3,234
0.3,249
0.3,228
0.3,247
0.3,241
0.3,249
0.3,251
0.3,244
0.3,243
0.3,227
0.3,245
0.3,245
0.3,244
0.3,233
0.3,240
0.3,244
0.3,246
0.3,243
0.3,254
0.3,234
0.3,253
0.3,253
0.3,249
0.3,242
0.3,252
0.3,240
0.3,233
0.3,229
0.3,231
0.3,245
0.3,230
0.3,241
0.3,248
0.3,235
0.3,246
0.3,248
0.3,237
0.3,235
0.3,251
0.3,248
0.3,240
0.3,242
0.3,235
0.3,250
0.3,238
0.3,231
0.3,242
0.3,251
0.3,246
0.3,242
0.3,238
0.3,235
0.3,245
0.3,245
0.3,246
0.3,238
0.3,237
0.3,243
0.3,233
0.3,251
0.3,244
0.3,241
0.3,241
0.3,233
0.3,234
0.3,240
0.3,247
0.3,243
0.3,239
0.3,233
0.3,242
0.3,240
0.3,232
0.3,245
0.3,240
0.3,238
0.3,249
0.3,240
0.3,247
0.3,234
0.3,241
0.3,230
0.3,242
0.3,245
0.31,249
0.31,255
0.31,251
0.31,248
0.31,245
0.31,237
0.31,263
0.31,228
0.31,237
0.31,232
0.31,242
0.31,254
0.31,253
0.31,238
0.31,236
0.31,240
0.31,253
0.31,245
0.31,236
0.31,254
0.31,247
0.31,245
0.31,249
0.31,244
0.31,257
0.31,240
0.31,253
0.31,243
0.31,256
0.31,247
0.31,247
0.31,235
0.31,258
0.31,246
0.31,236
0.31,249
0.31,253
0.31,236
0.31,251
0.31,231
0.31,245
0.31,243
0.31,232
0.31,249
0.31,237
0.31,238
0.31,250
0.31,251
0.31,255
0.31,247
0.31,231
0.31,245
0.31,239
0.31,245
0.31,253
0.31,245
0.31,232
0.31,231
0.31,249
0.31,239
0.31,253
0.31,253
0.31,245
0.31,241
0.31,238
0.31,248
0.31,238
0.31,238
0.31,247
0.31,248
0.31,254
0.31,246
0.31,239
0.31,237
0.31,246
0.31,234
0.31,247
0.31,238
0.31,250
0.31,238
0.31,242
0.31,245
0.31,243
0.31,239
0.31,236
0.31,249
0.31,251
0.31,239
0.31,241
0.31,245
0.31,236
0.31,244
0.31,245
0.31,228
0.32,253
0.31,249
0.32,254
0.32,249
0.32,250
0.31,246
0.32,257
0.32,237
0.32,265
0.32,259
0.32,256
0.32,258
0.32,244
0.32,233
0.32,246
0.32,247
0.32,235
0.32,253
0.32,244
0.32,243
0.32,251
0.32,248
0.32,240
0.32,248
0.31,246
0.32,244
0.32,253
0.32,247
0.32,242
0.32,256
0.32,258
0.32,245
0.32,240
0.32,260
0.32,237
0.32,261
0.32,249
0.32,250
0.32,250
0.32,246
0.32,240
0.32,232
0.32,247
0.32,245
0.32,253
0.32,234
0.32,237
0.32,249
0.32,243
0.32,238
0.32,250
0.32,258
0.32,257
0.32,234
0.32,249
0.32,250
0.32,241
0.32,258
0.32,247
0.32,246
0.32,251
0.32,233
0.32,258
0.32,240
0.32,254
0.32,260
0.32,242
0.32,249
0.32,242
0.32,261
0.32,239
0.32,242
0.32,252
0.32,245
0.32,250
0.32,253
0.32,239
0.32,238
0.32,243
0.32,242
0.32,253
0.32,243
0.32,245
0.32,253
0.32,242
0.32,239
0.32,243
0.32,242
0.32,254
0.32,249
0.32,239
0.32,237
0.32,238
0.32,229
0.32,245
0.32,249
0.32,249
0.32,254
0.32,246
0.33,261
0.32,249
0.33,252
0.33,248
0.33,267
0.33,256
0.33,262
0.33,236
0.33,254
0.33,242
0.33,270
0.33,245
0.33,239
0.33,259
0.33,253
0.33,255
0.33,246
0.33,253
0.33,239
0.33,242
0.33,247
0.33,255
0.33,242
0.33,247
0.33,245
0.33,264
0.33,252
0.33,253
0.33,262
0.33,247
0.33,241
0.33,238
0.33,261
0.33,247
0.33,238
0.33,241
0.33,267
0.33,249
0.33,240
0.33,254
0.33,238
0.33,246
0.33,253
0.33,238
0.33,251
0.33,241
0.33,246
0.33,251
0.33,244
0.33,235
0.33,255
0.33,251
0.33,255
0.33,264
0.33,235
0.33,256
0.33,248
0.33,263
0.33,254
0.33,255
0.33,242
0.33,242
0.33,251
0.33,264
0.33,239
0.33,243
0.33,257
0.33,252
0.33,257
0.33,246
0.33,257
0.33,252
0.33,239
0.33,245
0.33,247
0.33,245
0.33,239
0.33,245
0.33,242
0.33,246
0.33,244
0.33,249
0.33,252
0.33,236
0.33,241
0.33,241
0.33,252
0.33,243
0.33,253
0.33,251
0.33,236
0.33,254
0.33,252
0.33,246
0.34,260
0.34,267
0.34,260
0.34,246
0.34,250
0.33,255
0.34,257
0.34,270
0.34,275
0.34,258
0.34,249
0.34,241
0.34,265
0.34,263
0.34,244
0.34,251
0.34,244
0.34,257
0.34,242
0.34,260
0.34,256
0.34,255
0.34,253
0.34,247
0.34,262
0.34,246
0.34,253
0.34,270
0.34,268
0.34,241
0.34,255
0.34,251
0.34,253
0.34,263
0.34,252
0.34,246
0.34,245
0.34,260
0.34,255
0.34,242
0.34,238
0.34,240
0.34,249
0.34,261
0.34,244
0.34,242
0.34,241
0.34,253
0.34,263
0.34,258
0.34,255
0.34,266
0.34,266
0.34,252
0.34,263
0.34,250
0.34,254
0.34,241
0.34,270
0.34,248
0.34,257
0.34,249
0.34,254
0.34,244
0.34,257
0.34,247
0.34,242
0.34,260
0.34,260
0.34,255
0.34,250
0.34,263
0.34,240
0.34,242
0.34,249
0.34,248
0.34,246
0.34,256
0.34,256
0.34,247
0.34,245
0.34,249
0.34,254
0.34,251
0.34,256
0.34,239
0.34,259
0.34,239
0.34,257
0.34,246
0.34,255
0.34,238
0.35,258
0.35,252
0.35,259
0.34,250
0.34,257
0.35,247
0.35,272
0.35,264
0.35,273
0.35,268
0.35,273
0.35,261
0.35,254
0.35,249
0.35,265
0.35,244
0.35,261
0.35,261
0.35,263
0.35,262
0.35,253
0.35,243
0.34,244
0.35,256
0.35,253
0.35,252
0.35,253
0.35,262
0.35,254
0.35,248
0.35,268
0.35,248
0.35,269
0.35,254
0.35,257
0.35,263
0.35,256
0.35,259
0.35,248
0.35,256
0.35,278
0.35,255
0.35,249
0.35,265
0.35,245
0.35,244
0.35,237
0.35,242
0.35,257
0.35,263
0.35,240
0.35,263
0.35,243
0.35,253
0.35,269
0.35,257
0.35,258
0.35,268
0.35,255
0.35,273
0.35,259
0.35,271
0.35,254
0.35,246
0.35,249
0.35,261
0.35,275
0.35,246
0.35,249
0.35,252
0.35,251
0.35,267
0.35,261
0.35,267
0.35,249
0.35,267
0.35,259
0.35,253
0.35,246
0.35,245
0.35,244
0.35,256
0.35,249
0.35,263
0.35,251
0.35,254
0.35,252
0.35,245
0.35,259
0.35,261
0.35,266
0.35,244
0.35,255
0.35,243
0.35,256
0.35,247
0.35,258
0.35,250
0.35,250
0.35,260
0.35,258
0.36,268
0.36,254
0.36,271
0.36,268
0.36,259
0.36,253
0.36,275
0.36,277
0.36,266
0.36,251
0.36,249
0.36,271
0.36,271
0.36,265
0.36,261
0.36,268
0.36,248
0.36,258
0.36,260
0.36,259
0.36,256
0.36,262
0.36,252
0.36,247
0.36,265
0.36,272
0.36,263
0.36,260
0.36,259
0.36,252
0.36,263
0.36,265
0.36,251
0.36,259
0.36,246
0.36,277
0.36,240
0.36,245
0.36,268
0.36,253
0.36,259
0.36,244
0.36,265
0.36,257
0.36,249
0.36,270
0.36,258
0.36,245
0.36,269
0.36,260
0.36,272
0.36,277
0.36,260
0.36,261
0.36,260
0.36,248
0.36,272
0.36,261
0.36,251
0.36,250
0.36,274
0.36,261
0.36,257
0.36,248
0.36,256
0.36,270
0.36,255
0.36,245
0.36,271
0.36,255
0.36,246
0.36,261
0.36,272
0.36,251
0.36,265
0.36,258
0.36,255
0.36,251
0.36,267
0.36,254
0.36,264
0.36,262
0.36,246
0.36,249
0.36,267
0.36,251
0.36,245
0.36,261
0.36,250
0.36,262
0.36,260
0.36,257
0.36,250
0.36,259
0.36,252
0.37,265
0.37,267
0.37,267
0.37,254
0.37,253
0.37,271
0.37,263
0.37,277
0.37,273
0.37,248
0.37,277
0.37,269
0.37,268
0.37,268
0.37,263
0.37,270
0.37,247
0.37,250
0.37,263
0.37,261
0.37,259
0.37,251
0.37,254
0.37,250
0.37,259
0.37,254
0.37,260
0.37,271
0.37,259
0.37,259
0.37,264
0.37,269
0.37,259
0.37,252
0.37,262
0.37,276
0.37,255
0.37,268
0.37,244
0.37,249
0.37,251
0.37,243
0.37,243
0.37,252
0.37,252
0.37,262
0.37,266
0.37,265
0.37,256
0.37,242
0.37,255
0.37,268
0.37,259
0.37,274
0.37,260
0.37,246
0.37,251
0.37,264
0.37,264
0.37,275
0.37,253
0.37,254
0.37,267
0.37,249
0.37,250
0.37,269
0.37,251
0.37,259
0.37,259
0.37,274
0.37,275
0.37,272
0.37,247
0.37,256
0.37,243
0.37,261
0.37,259
0.37,253
0.37,264
0.37,263
0.37,254
0.37,248
0.37,250
0.37,263
0.37,271
0.37,246
0.37,256
0.37,245
0.37,244
0.37,263
0.37,259
0.37,263
0.37,260
0.37,255
0.37,251
0.37,263
0.37,264
0.38,264
0.38,270
0.38,258
0.38,269
0.38,275
0.38,275
0.38,259
0.38,264
0.38,277
0.38,251
0.38,264
0.38,254
0.38,274
0.38,256
0.38,271
0.38,278
0.38,270
0.38,254
0.38,268
0.38,264
0.38,254
0.38,257
0.38,253
0.38,263
0.38,260
0.38,271
0.38,259
0.38,264
0.38,265
0.38,267
0.38,274
0.38,259
0.38,255
0.38,280
0.38,282
0.38,253
0.38,252
0.38,247
0.38,276
0.38,268
0.38,262
0.38,274
0.38,245
0.38,256
0.38,266
0.38,271
0.38,246
0.38,254
0.38,269
0.38,265
0.38,270
0.38,264
0.38,282
0.38,263
0.38,276
0.38,246
0.38,263
0.38,267
0.38,264
0.38,260
0.38,280
0.38,254
0.38,257
0.38,269
0.38,261
0.38,256
0.38,277
0.38,263
0.38,259
0.38,262
0.38,266
0.38,248
0.38,263
0.38,272
0.38,254
0.38,268
0.38,252
0.38,257
0.38,271
0.38,275
0.38,259
0.38,277
0.38,260
0.38,251
0.38,250
0.38,283
0.38,271
0.38,271
0.38,263
0.38,259
0.38,262
0.39,273
0.38,258
0.38,258
0.39,266
0.39,275
0.39,278
0.39,264
0.39,283
0.39,266
0.39,282
0.39,282
0.39,271
0.39,260
0.39,281
0.39,280
0.39,259
0.39,274
0.39,284
0.39,257
0.39,267
0.39,271
0.39,275
0.39,267
0.39,259
0.39,264
0.39,262
0.39,264
0.39,275
0.39,283
0.39,268
0.39,267
0.39,269
0.39,283
0.39,263
0.39,260
0.39,261
0.39,282
0.39,251
0.39,265
0.39,257
0.39,246
0.39,258
0.39,274
0.39,270
0.39,265
0.39,272
0.39,252
0.39,257
0.39,272
0.39,270
0.39,271
0.39,272
0.39,272
0.39,273
0.39,263
0.39,285
0.39,257
0.39,264
0.39,277
0.39,283
0.39,251
0.39,262
0.39,262
0.39,286
0.39,263
0.39,260
0.39,265
0.39,270
0.39,259
0.39,286
0.39,267
0.39,276
0.39,271
0.39,261
0.39,279
0.39,256
0.39,274
0.39,265
0.39,252
0.39,273
0.39,259
0.39,258
0.39,286
0.39,276
0.39,264
0.39,258
0.39,267
0.39,260
0.39,268
0.39,266
0.39,267
0.39,256
0.39,278
0.39,255
0.39,268
0.4,266
0.39,258
0.4,270
0.4,281
0.4,289
0.39,287
0.4,270
0.4,271
0.4,285
0.4,290
0.39,272
0.39,265
0.4,284
0.4,256
0.4,282
0.4,276
0.4,264
0.4,276
0.4,281
0.4,291
0.4,276
0.4,266
0.4,274
0.4,260
0.4,271
0.4,261
0.4,260
0.4,279
0.4,281
0.4,289
0.4,272
0.4,280
0.4,274
0.4,269
0.4,284
0.4,278
0.4,286
0.4,269
0.4,263
0.4,277
0.4,268
0.4,266
0.4,277
0.4,256
0.4,275
0.4,254
0.4,279
0.4,269
0.4,274
0.4,269
0.4,274
0.4,281
0.4,277
0.4,256
0.4,267
0.4,288
0.4,272
0.4,258
0.4,273
0.4,261
0.4,293
0.4,261
0.4,272
0.4,275
0.4,288
0.4,262
0.4,272
0.4,273
0.4,268
0.4,268
0.4,279
0.4,281
0.4,287
0.4,275
0.4,295
0.4,260
0.4,279
0.4,268
0.4,260
0.4,277
0.4,284
0.4,271
0.4,282
0.4,261
0.4,281
0.4,271
0.4,269
0.4,259
0.4,261
0.4,266
0.4,267
0.4,279
0.4,263
0.4,270
0.4,266
0.4,268
0.4,292
0.41,270
0.4,265
0.41,285
0.4,267
0.41,277
0.41,274
0.4,271
0.41,274
0.41,291
0.41,292
0.41,288
0.41,293
0.41,281
0.41,263
0.41,288
0.41,276
0.41,279
0.41,297
0.41,270
0.41,279
0.41,269
0.41,269
0.41,280
0.41,283
0.41,262
0.41,287
0.41,275
0.41,262
0.41,281
0.41,270
0.41,297
0.41,282
0.41,280
0.41,277
0.41,274
0.41,292
0.41,284
0.41,282
0.41,270
0.41,272
0.41,267
0.41,265
0.41,261
0.41,284
0.41,257
0.41,266
0.41,260
0.41,270
0.41,273
0.41,280
0.41,264
0.41,283
0.41,273
0.41,281
0.41,285
0.41,276
0.41,276
0.41,275
0.41,297
0.41,297
0.41,264
0.41,274
0.41,285
0.41,273
0.41,287
0.41,263
0.41,274
0.41,272
0.41,272
0.41,300
0.41,273
0.41,290
0.41,267
0.41,279
0.41,290
0.41,272
0.41,272
0.41,261
0.41,281
0.41,280
0.41,276
0.41,275
0.41,271
0.41,273
0.41,285
0.41,294
0.41,267
0.41,269
0.41,271
0.41,272
0.41,264
0.41,279
0.41,266
0.41,274
0.41,264
0.42,274
0.42,280
0.41,270
0.42,281
0.42,290
0.42,297
0.42,288
0.42,286
0.42,298
0.42,281
0.42,294
0.42,281
0.42,275
0.42,266
0.42,300
0.42,279
0.42,287
0.42,270
0.42,272
0.42,288
0.42,280
0.42,277
0.42,287
0.42,278
0.42,284
0.42,267
0.42,284
0.42,279
0.42,268
0.42,278
0.42,275
0.42,282
0.42,290
0.42,271
0.42,274
0.42,286
0.42,298
0.42,277
0.42,262
0.42,267
0.42,280
0.42,257
0.42,288
0.42,261
0.42,286
0.42,277
0.42,266
0.42,270
0.42,283
0.42,278
0.42,266
0.42,266
0.42,297
0.42,276
0.42,283
0.42,282
0.42,279
0.42,296
0.42,289
0.42,274
0.42,299
0.42,266
0.42,283
0.42,274
0.42,275
0.42,292
0.42,268
0.42,287
0.42,272
0.42,271
0.42,302
0.42,293
0.42,270
0.42,269
0.42,289
0.42,278
0.42,280
0.42,274
0.42,285
0.42,277
0.42,280
0.42,275
0.42,270
0.42,284
0.42,274
0.42,266
0.42,275
0.42,267
0.42,298
0.42,288
0.42,285
0.42,276
0.42,268
0.42,276
0.42,277
0.42,276
0.42,264
0.42,279
0.43,280
0.43,291
0.43,304
0.43,292
0.43,297
0.43,295
0.43,286
0.43,297
0.43,285
0.43,266
0.43,277
0.43,279
0.43,295
0.43,284
0.43,286
0.43,307
0.43,284
0.43,279
0.43,290
0.43,276
0.43,270
0.43,273
0.43,266
0.43,282
0.43,284
0.43,283
0.43,274
0.43,287
0.43,305
0.43,301
0.43,273
0.43,278
0.43,287
0.43,276
0.43,287
0.43,296
0.43,281
0.43,260
0.43,268
0.43,283
0.43,271
0.43,257
0.43,294
0.43,268
0.43,286
0.43,271
0.43,286
0.43,278
0.43,269
0.43,283
0.43,289
0.43,283
0.43,287
0.43,303
0.43,278
0.43,280
0.43,270
0.43,294
0.43,285
0.43,299
0.43,276
0.43,278
0.43,277
0.43,280
0.43,300
0.43,273
0.43,293
0.43,270
0.43,291
0.43,297
0.43,269
0.43,296
0.43,286
0.43,279
0.43,282
0.43,273
0.43,285
0.43,274
0.43,286
0.43,286
0.43,279
0.43,272
0.43,276
0.43,302
0.43,291
0.43,275
0.43,281
0.43,276
0.43,281
0.43,272
0.43,278
0.43,286
0.43,271
0.43,284
0.43,265
0.44,289
0.43,282
0.44,285
0.44,289
0.44,292
0.44,297
0.44,287
0.44,300
0.44,303
0.44,266
0.44,296
0.44,309
0.44,287
0.44,282
0.44,278
0.44,296
0.44,280
0.44,281
0.44,289
0.44,284
0.44,295
0.44,271
0.44,282
0.44,289
0.44,270
0.44,280
0.44,275
0.44,299
0.44,290
0.44,287
0.44,274
0.44,286
0.44,293
0.44,288
0.44,287
0.44,309
0.44,290
0.44,279
0.44,267
0.44,261
0.44,269
0.44,284
0.44,298
0.44,277
0.44,274
0.44,268
0.44,289
0.44,275
0.44,292
0.44,280
0.44,288
0.44,288
0.44,281
0.44,290
0.44,295
0.44,286
0.44,273
0.44,294
0.44,285
0.44,273
0.44,281
0.44,292
0.44,282
0.44,277
0.44,278
0.44,278
0.44,296
0.44,268
0.44,277
0.44,273
0.44,298
0.44,294
0.44,290
0.44,305
0.44,283
0.44,297
0.44,285
0.44,276
0.44,288
0.44,276
0.44,284
0.44,288
0.44,291
0.44,278
0.44,273
0.44,285
0.44,275
0.44,301
0.44,290
0.44,282
0.44,285
0.44,288
0.44,276
0.44,287
0.44,281
0.44,278
0.44,275
0.45,293
0.44,281
0.44,264
0.45,284
0.45,299
0.45,293
0.45,292
0.45,300
0.45,269
0.45,301
0.45,298
0.45,288
0.45,298
0.45,287
0.45,287
0.45,285
0.45,294
0.45,291
0.45,314
0.45,290
0.45,282
0.45,293
0.45,284
0.45,278
0.45,289
0.45,279
0.45,293
0.45,275
0.45,294
0.45,278
0.45,296
0.45,294
0.45,286
0.45,309
0.45,278
0.45,289
0.45,291
0.45,293
0.45,281
0.45,256
0.45,284
0.45,284
0.45,279
0.45,271
0.45,269
0.45,290
0.45,275
0.45,279
0.45,300
0.45,292
0.45,279
0.45,276
0.45,273
0.45,291
0.45,290
0.45,293
0.45,277
0.45,302
0.45,277
0.45,295
0.45,287
0.45,284
0.45,295
0.45,276
0.45,285
0.45,288
0.45,279
0.45,298
0.45,285
0.45,283
0.45,280
0.45,301
0.45,276
0.45,268
0.45,295
0.45,282
0.45,292
0.45,304
0.45,296
0.45,279
0.45,289
0.45,287
0.45,288
0.45,275
0.45,277
0.45,290
0.45,284
0.45,306
0.45,289
0.45,281
0.45,289
0.45,285
0.45,276
0.45,284
0.45,281
0.45,283
0.45,291
0.45,275
0.45,291
0.45,283
0.46,292
0.45,268
0.46,286
0.46,288
0.46,298
0.46,300
0.46,300
0.46,283
0.46,288
0.46,303
0.46,295
0.46,270
0.46,290
0.46,284
0.46,286
0.46,292
0.46,316
0.46,283
0.46,289
0.46,290
0.46,289
0.46,275
0.46,280
0.46,291
0.46,280
0.46,292
0.46,281
0.46,277
0.46,294
0.46,285
0.46,292
0.46,286
0.46,284
0.46,292
0.46,291
0.46,292
0.46,303
0.46,283
0.46,282
0.46,258
0.46,269
0.46,268
0.46,279
0.46,297
0.46,272
0.46,289
0.46,295
0.46,279
0.46,281
0.46,276
0.46,284
0.46,296
0.46,285
0.46,302
0.46,289
0.46,275
0.46,279
0.46,299
0.46,295
0.46,289
0.46,276
0.46,285
0.46,279
0.46,284
0.46,283
0.46,306
0.46,278
0.46,265
0.46,297
0.46,296
0.46,298
0.46,292
0.46,277
0.46,276
0.46,291
0.46,285
0.46,284
0.46,288
0.46,291
0.46,274
0.46,290
0.46,287
0.46,284
0.46,282
0.46,303
0.46,278
0.46,284
0.46,283
0.46,274
0.46,277
0.46,286
0.46,282
0.46,285
0.47,279
0.47,297
0.47,301
0.47,292
0.47,291
0.47,300
0.47,297
0.47,272
0.47,289
0.47,281
0.47,317
0.47,305
0.47,289
0.47,289
0.47,297
0.47,288
0.46,265
0.47,277
0.46,294
0.46,284
0.47,295
0.47,280
0.47,279
0.47,286
0.47,291
0.47,280
0.47,292
0.47,274
0.47,283
0.47,285
0.47,283
0.47,297
0.47,282
0.47,291
0.47,285
0.47,291
0.47,293
0.47,293
0.47,286
0.47,274
0.47,305
0.47,278
0.47,261
0.47,280
0.47,273
0.47,279
0.47,279
0.47,296
0.47,274
0.47,291
0.47,275
0.47,276
0.47,283
0.47,293
0.47,275
0.47,295
0.47,302
0.47,290
0.47,283
0.47,283
0.47,296
0.47,282
0.47,289
0.47,275
0.47,299
0.47,278
0.47,282
0.47,288
0.47,292
0.47,278
0.47,305
0.47,270
0.47,296
0.47,277
0.47,294
0.47,296
0.47,282
0.47,290
0.47,282
0.47,294
0.47,286
0.47,286
0.47,294
0.47,273
0.47,281
0.47,284
0.47,300
0.47,288
0.47,280
0.47,280
0.47,286
0.47,283
0.47,293
0.47,285
0.47,282
0.47,267
0.47,281
0.47,277
0.48,289
0.48,286
0.48,295
0.48,294
0.48,286
0.48,303
0.48,303
0.48,307
0.48,284
0.48,273
0.48,287
0.48,298
0.48,295
0.48,290
0.48,290
0.48,289
0.48,295
0.48,322
0.48,281
0.48,273
0.48,278
0.48,293
0.48,295
0.48,272
0.48,292
0.48,292
0.48,283
0.48,281
0.48,304
0.48,287
0.48,284
0.48,286
0.48,292
0.48,284
0.48,296
0.48,280
0.48,289
0.48,306
0.48,292
0.48,260
0.48,280
0.48,283
0.48,276
0.48,278
0.48,279
0.48,294
0.48,297
0.48,297
0.48,276
0.48,296
0.48,276
0.48,294
0.48,285
0.48,294
0.48,279
0.48,295
0.48,285
0.48,278
0.48,283
0.48,291
0.48,297
0.48,292
0.48,304
0.48,275
0.48,285
0.48,273
0.48,279
0.48,286
0.48,291
0.48,301
0.48,291
0.48,296
0.48,280
0.48,293
0.48,298
0.48,285
0.48,296
0.48,280
0.48,281
0.48,292
0.48,282
0.48,290
0.48,296
0.48,286
0.48,291
0.48,290
0.48,302
0.48,284
0.48,280
0.48,285
0.48,289
0.48,288
0.48,295
0.48,289
0.48,276
0.48,284
0.48,265
0.48,284
0.49,278
0.49,293
0.49,294
0.49,303
0.49,286
0.49,296
0.49,291
0.49,304
0.49,295
0.49,287
0.49,306
0.49,289
0.49,272
0.49,289
0.49,286
0.49,294
0.49,321
0.49,272
0.49,287
0.49,293
0.49,294
0.49,295
0.49,287
0.49,286
0.49,274
0.49,272
0.49,280
0.49,301
0.49,286
0.49,291
0.49,286
0.49,287
0.49,286
0.49,308
0.49,293
0.49,289
0.49,290
0.49,281
0.49,280
0.49,278
0.49,275
0.49,285
0.49,282
0.49,294
0.49,296
0.49,284
0.49,273
0.49,281
0.49,282
0.49,286
0.49,276
0.49,296
0.49,291
0.49,293
0.49,273
0.49,295
0.49,296
0.49,290
0.49,283
0.49,300
0.49,283
0.49,283
0.49,286
0.49,293
0.49,263
0.49,277
0.49,299
0.49,293
0.49,280
0.49,290
0.49,294
0.49,282
0.49,287
0.49,276
0.49,292
0.49,296
0.49,287
0.49,292
0.49,286
0.49,291
0.49,280
0.49,287
0.49,284
0.49,277
0.49,309
0.49,283
0.49,293
0.49,288
0.49,286
0.49,281
0.49,285
0.49,262
0.5,277
0.5,288
0.5,296
0.5,298
0.5,280
0.5,304
0.5,296
0.5,287
0.5,291
0.5,289
0.5,303
0.5,283
0.5,275
0.5,288
0.5,293
0.5,284
0.5,292
0.5,321
0.5,275
0.5,272
0.5,293
0.49,292
0.49,286
0.5,276
0.5,298
0.5,268
0.5,287
0.5,282
0.5,280
0.5,284
0.5,284
0.5,298
0.5,282
0.5,287
0.5,283
0.5,295
0.5,309
0.5,286
0.5,293
0.5,276
0.5,259
0.5,285
0.5,282
0.5,279
0.5,281
0.5,298
0.5,287
0.5,297
0.5,276
0.5,290
0.5,285
0.5,281
0.5,279
0.5,273
0.5,291
0.5,292
0.5,281
0.5,275
0.5,291
0.5,289
0.5,270
0.5,280
0.5,281
0.5,293
0.5,298
0.5,285
0.5,283
0.5,276
0.5,293
0.5,291
0.5,279
0.5,293
0.5,301
0.5,290
0.5,290
0.5,286
0.5,295
0.5,273
0.5,285
0.5,288
0.5,282
0.5,287
0.5,280
0.5,292
0.5,287
0.5,280
0.5,288
0.5,311
0.5,290
0.5,273
0.5,289
0.5,281
0.5,275
0.5,267
0.5,278
0.5,282
0.51,270
0.51,299
0.51,295
0.51,283
0.51,287
0.51,279
0.51,298
0.51,283
0.5,285
0.51,290
0.51,285
0.51,298
0.51,277
0.51,277
0.51,322
0.51,291
0.51,287
0.51,288
0.51,272
0.51,269
0.51,278
0.51,292
0.51,292
0.51,267
0.51,283
0.51,290
0.51,293
0.51,273
0.51,288
0.51,276
0.51,282
0.51,288
0.51,283
0.51,290
0.51,279
0.51,295
0.51,306
0.51,287
0.51,265
0.51,288
0.51,272
0.51,277
0.51,298
0.51,278
0.51,276
0.51,273
0.51,287
0.51,294
0.51,292
0.51,285
0.51,273
0.51,281
0.51,275
0.51,292
0.51,280
0.51,284
0.51,292
0.51,272
0.51,299
0.51,268
0.51,280
0.51,291
0.51,281
0.51,283
0.51,275
0.51,298
0.51,277
0.51,291
0.51,271
0.51,286
0.51,278
0.51,291
0.51,294
0.51,270
0.51,281
0.51,292
0.51,291
0.51,281
0.51,286
0.51,279
0.51,281
0.51,285
0.51,292
0.51,284
0.51,278
0.51,287
0.51,288
0.51,301
0.51,287
0.51,273
0.51,275
0.51,294
0.51,281
0.51,286
0.51,283
0.51,263
0.51,280
0.52,279
0.52,263
0.51,281
0.52,283
0.52,278
0.52,296
0.52,297
0.52,294
0.52,289
0.52,297
0.52,275
0.52,279
0.52,279
0.52,285
0.52,270
0.52,287
0.52,288
0.52,318
0.52,264
0.52,284
0.52,269
0.52,267
0.52,275
0.52,291
0.52,288
0.52,286
0.52,276
0.52,281
0.52,279
0.52,286
0.52,286
0.52,285
0.52,292
0.52,282
0.52,303
0.52,279
0.52,294
0.52,279
0.52,284
0.52,266
0.52,265
0.52,277
0.52,268
0.52,267
0.52,273
0.52,294
0.52,290
0.52,284
0.52,283
0.52,271
0.52,275
0.52,279
0.52,286
0.52,288
0.52,280
0.52,274
0.52,283
0.52,283
0.52,268
0.52,278
0.52,298
0.52,276
0.52,275
0.52,284
0.52,270
0.52,277
0.52,282
0.52,294
0.52,288
0.52,289
0.52,270
0.52,272
0.52,290
0.52,289
0.52,290
0.52,280
0.52,281
0.52,269
0.52,290
0.52,278
0.52,281
0.52,284
0.52,278
0.52,282
0.52,289
0.52,302
0.52,285
0.52,285
0.52,270
0.52,283
0.52,283
0.52,277
0.52,275
0.52,278
0.52,271
0.52,262
0.53,279
0.52,280
0.52,265
0.53,261
0.53,291
0.53,298
0.53,283
0.53,292
0.53,273
0.53,297
0.53,290
0.53,272
0.53,270
0.53,279
0.53,285
0.53,281
0.53,285
0.53,281
0.53,308
0.53,285
0.53,268
0.53,263
0.53,272
0.53,284
0.53,292
0.53,268
0.53,274
0.53,282
0.53,282
0.53,284
0.53,277
0.53,273
0.53,280
0.53,284
0.53,291
0.53,281
0.53,271
0.53,290
0.53,265
0.53,278
0.53,266
0.53,303
0.53,274
0.53,266
0.53,285
0.53,271
0.53,277
0.53,294
0.53,281
0.53,283
0.53,275
0.53,276
0.53,287
0.53,289
0.53,279
0.53,281
0.53,279
0.53,278
0.53,266
0.53,277
0.53,299
0.53,277
0.53,282
0.53,274
0.53,291
0.53,272
0.53,276
0.53,291
0.53,280
0.53,271
0.53,275
0.53,289
0.53,286
0.53,288
0.53,282
0.53,285
0.53,269
0.53,282
0.53,275
0.53,278
0.53,276
0.53,281
0.53,276
0.53,263
0.53,296
0.53,284
0.53,292
0.53,284
0.53,267
0.53,276
0.53,277
0.53,275
0.53,280
0.54,280
0.53,268
0.53,258
0.53,262
0.53,282
0.54,278
0.54,260
0.54,269
0.54,289
0.54,293
0.54,276
0.54,292
0.54,292
0.54,277
0.54,268
0.54,305
0.54,283
0.54,282
0.54,286
0.54,281
0.54,267
0.54,268
0.54,287
0.54,281
0.54,288
0.54,266
0.54,272
0.54,270
0.54,285
0.54,268
0.54,282
0.54,287
0.54,279
0.54,279
0.54,288
0.54,302
0.54,273
0.54,272
0.54,265
0.54,276
0.54,258
0.54,268
0.54,272
0.54,268
0.54,266
0.54,281
0.54,281
0.54,290
0.54,278
0.54,279
0.54,272
0.54,274
0.54,292
0.54,272
0.54,277
0.54,272
0.54,284
0.54,269
0.54,278
0.54,279
0.54,283
0.54,272
0.54,288
0.54,269
0.54,277
0.54,283
0.54,278
0.54,288
0.54,267
0.54,290
0.54,272
0.54,278
0.54,283
0.54,282
0.54,286
0.54,264
0.54,298
0.54,274
0.54,275
0.54,290
0.54,274
0.54,275
0.54,290
0.54,282
0.54,260
0.54,273
0.54,280
0.54,269
0.54,282
0.54,273
0.54,272
0.54,282
0.54,263
0.54,263
0.55,255
0.54,277
0.55,279
0.55,276
0.55,261
0.55,288
0.55,299
0.55,284
0.55,285
0.55,289
0.55,267
0.55,282
0.55,279
0.55,272
0.55,266
0.55,269
0.55,276
0.55,257
0.55,296
0.55,273
0.55,283
0.55,268
0.55,268
0.55,285
0.55,260
0.55,280
0.55,265
0.55,270
0.55,278
0.55,289
0.55,287
0.55,270
0.55,272
0.55,270
0.55,297
0.55,269
0.55,266
0.55,269
0.55,265
0.55,265
0.55,267
0.55,261
0.55,278
0.55,283
0.55,269
0.55,277
0.55,276
0.55,267
0.55,278
0.55,269
0.55,277
0.55,274
0.55,282
0.55,275
0.55,286
0.55,277
0.55,279
0.55,281
0.55,272
0.55,295
0.55,262
0.55,279
0.55,266
0.55,273
0.55,284
0.55,272
0.55,285
0.55,281
0.55,266
0.55,269
0.55,289
0.55,279
0.55,273
0.55,275
0.55,283
0.55,264
0.55,281
0.55,293
0.55,272
0.55,268
0.55,274
0.55,286
0.55,294
0.55,272
0.55,263
0.55,273
0.55,274
0.55,271
0.55,289
0.55,274
0.55,263
0.55,282
0.55,270
0.55,267
0.55,278
0.55,260
0.56,275
0.55,266
0.56,258
0.56,250
0.56,277
0.55,272
0.56,282
0.56,277
0.56,290
0.56,284
0.56,284
0.56,265
0.56,268
0.56,262
0.56,276
0.56,273
0.56,279
0.56,289
0.56,266
0.56,266
0.56,248
0.56,277
0.56,258
0.56,282
0.56,270
0.56,264
0.56,279
0.56,262
0.56,265
0.56,264
0.56,267
0.56,279
0.56,286
0.56,282
0.56,274
0.56,258
0.56,270
0.56,265
0.56,260
0.56,263
0.56,265
0.56,262
0.56,257
0.56,278
0.56,278
0.56,268
0.56,272
0.56,273
0.56,271
0.56,267
0.56,268
0.56,283
0.56,274
0.56,272
0.56,258
0.56,277
0.56,271
0.56,270
0.56,267
0.56,284
0.56,281
0.56,266
0.56,265
0.56,260
0.56,271
0.56,273
0.56,267
0.56,278
0.56,281
0.56,280
0.56,269
0.56,282
0.56,266
0.56,262
0.56,271
0.56,287
0.56,270
0.56,269
0.56,263
0.56,273
0.56,263
0.56,290
0.56,281
0.56,271
0.56,284
0.56,269
0.56,282
0.56,269
0.56,264
0.56,260
0.57,252
0.56,270
0.56,258
0.56,264
0.56,256
0.57,271
0.56,269
0.57,287
0.57,275
0.57,248
0.57,277
0.57,273
0.57,266
0.57,283
0.57,279
0.57,256
0.57,264
0.57,265
0.57,288
0.57,276
0.57,277
0.57,276
0.57,274
0.57,269
0.57,266
0.57,246
0.57,260
0.57,272
0.57,260
0.57,268
0.57,265
0.57,257
0.57,264
0.57,274
0.57,272
0.57,264
0.57,282
0.57,265
0.57,271
0.57,257
0.57,255
0.57,283
0.57,270
0.57,263
0.57,291
0.57,251
0.57,262
0.57,269
0.57,260
0.57,266
0.57,276
0.57,273
0.57,264
0.57,270
0.57,271
0.57,262
0.57,264
0.57,279
0.57,269
0.57,272
0.57,272
0.57,256
0.57,263
0.57,277
0.57,278
0.57,266
0.57,272
0.57,278
0.57,254
0.57,280
0.57,270
0.57,269
0.57,274
0.57,276
0.57,261
0.57,271
0.57,263
0.57,288
0.57,274
0.57,274
0.57,266
0.57,260
0.57,260
0.57,285
0.57,270
0.57,269
0.57,270
0.57,279
0.57,269
0.57,260
0.57,280
0.57,267
0.57,277
0.57,267
0.57,265
0.57,255
0.57,270
0.57,257
0.57,262
0.57,268
0.57,262
0.58,250
0.58,266
0.58,276
0.58,253
0.58,281
0.58,290
0.58,281
0.58,283
0.58,277
0.58,265
0.58,261
0.58,258
0.58,263
0.58,275
0.58,259
0.58,272
0.58,269
0.58,264
0.58,244
0.58,260
0.58,267
0.58,267
0.58,263
0.58,268
0.58,258
0.58,268
0.58,274
0.58,272
0.58,280
0.58,266
0.58,264
0.58,292
0.58,281
0.58,264
0.58,272
0.58,251
0.58,266
0.58,293
0.58,258
0.58,275
0.58,267
0.58,261
0.58,261
0.58,264
0.58,270
0.58,270
0.58,251
0.58,266
0.58,263
0.58,260
0.58,266
0.58,260
0.58,268
0.58,280
0.58,261
0.58,270
0.58,271
0.58,261
0.58,282
0.58,276
0.58,270
0.58,272
0.58,281
0.58,257
0.58,267
0.58,283
0.58,266
0.58,274
0.58,275
0.58,267
0.58,271
0.58,267
0.58,264
0.58,268
0.58,277
0.58,283
0.58,263
0.58,260
0.58,285
0.58,254
0.58,265
0.58,269
0.58,266
0.58,265
0.58,260
0.58,261
0.58,288
0.58,265
0.58,277
0.58,280
0.58,266
0.58,277
0.58,256
0.58,262
0.58,268
0.58,264
0.58,257
0.58,271
0.58,256
0.59,248
0.59,261
0.59,273
0.59,285
0.59,267
0.59,277
0.59,278
0.59,278
0.59,266
0.59,255
0.59,277
0.59,271
0.59,285
0.59,272
0.59,262
0.59,269
0.59,241
0.59,252
0.59,257
0.59,257
0.59,255
0.59,269
0.59,274
0.59,267
0.59,265
0.59,261
0.59,260
0.59,265
0.59,265
0.59,260
0.59,279
0.59,269
0.59,276
0.59,263
0.59,255
0.59,294
0.59,260
0.59,259
0.59,253
0.59,269
0.59,270
0.59,250
0.59,254
0.59,269
0.59,263
0.59,265
0.59,255
0.59,268
0.59,260
0.59,259
0.59,266
0.59,266
0.59,275
0.59,264
0.59,267
0.59,270
0.59,260
0.59,262
0.59,272
0.59,275
0.59,269
0.59,272
0.59,259
0.59,265
0.59,281
0.59,267
0.59,259
0.59,264
0.59,267
0.59,266
0.59,265
0.59,261
0.59,262
0.59,266
0.59,286
0.59,263
0.59,271
0.59,264
0.59,245
0.59,262
0.59,273
0.59,270
0.59,257
0.59,286
0.59,280
0.59,276
0.59,257
0.59,280
0.59,257
0.59,267
0.59,259
0.59,265
0.59,260
0.59,258
0.59,261
0.59,272
0.59,257
0.6,247
0.6,262
0.6,266
0.6,271
0.6,274
0.6,258
0.6,251
0.6,276
0.6,252
0.6,268
0.6,257
0.6,251
0.6,275
0.6,267
0.6,272
0.6,285
0.6,284
0.6,266
0.6,255
0.6,259
0.6,237
0.6,257
0.6,266
0.6,271
0.6,261
0.6,257
0.6,266
0.6,254
0.6,249
0.6,267
0.6,267
0.6,276
0.6,273
0.6,253
0.6,262
0.6,290
0.6,255
0.6,258
0.6,268
0.6,256
0.6,263
0.6,263
0.6,245
0.6,272
0.6,268
0.6,266
0.6,261
0.6,254
0.6,258
0.6,263
0.6,269
0.6,266
0.6,258
0.6,266
0.6,266
0.6,264
0.6,269
0.6,264
0.6,270
0.6,267
0.6,263
0.6,259
0.6,259
0.6,277
0.6,263
0.6,275
0.6,261
0.6,250
0.6,262
0.6,273
0.6,259
0.6,262
0.6,267
0.6,266
0.6,279
0.6,275
0.6,278
0.6,263
0.6,258
0.6,257
0.6,268
0.6,269
0.6,239
0.6,262
0.6,251
0.6,282
0.6,259
0.6,274
0.6,278
0.6,257
0.6,254
0.6,258
0.6,271
0.6,261
0.6,265
0.6,263
0.6,260
0.6,252
0.61,271
0.6,266
0.61,248
0.61,263
0.61,267
0.61,262
0.61,275
0.61,253
0.61,285
0.61,278
0.61,276
0.6,256
0.61,251
0.61,257
0.61,268
0.61,269
0.61,266
0.61,256
0.61,257
0.61,280
0.61,258
0.61,238
0.61,250
0.61,262
0.61,263
0.61,268
0.61,258
0.61,265
0.61,252
0.61,248
0.61,276
0.61,265
0.61,258
0.61,270
0.61,286
0.61,263
0.61,263
0.61,256
0.61,257
0.61,259
0.61,253
0.61,266
0.61,243
0.61,265
0.61,278
0.61,262
0.61,272
0.61,255
0.61,254
0.61,261
0.61,261
0.61,269
0.61,264
0.61,254
0.61,264
0.61,275
0.61,266
0.61,264
0.61,263
0.61,260
0.61,268
0.61,262
0.61,269
0.61,263
0.61,275
0.61,269
0.61,259
0.61,277
0.61,260
0.61,251
0.61,261
0.61,272
0.61,259
0.61,266
0.61,268
0.61,266
0.61,257
0.61,278
0.61,255
0.61,272
0.61,282
0.61,264
0.61,239
0.61,261
0.61,270
0.61,265
0.61,251
0.61,286
0.61,268
0.61,279
0.61,257
0.61,257
0.61,270
0.61,258
0.61,248
0.61,257
0.61,261
0.61,266
0.61,258
0.62,253
0.62,264
0.61,264
0.62,246
0.62,269
0.62,274
0.62,260
0.62,279
0.62,261
0.62,279
0.62,250
0.62,268
0.62,254
0.62,263
0.62,245
0.62,256
0.62,276
0.62,259
0.62,263
0.62,256
0.62,237
0.62,257
0.62,264
0.62,264
0.62,250
0.62,258
0.62,257
0.62,267
0.62,278
0.62,250
0.62,264
0.62,271
0.62,267
0.62,259
0.62,259
0.62,263
0.62,283
0.62,255
0.62,249
0.62,243
0.62,260
0.62,259
0.62,266
0.62,271
0.62,251
0.62,252
0.62,266
0.62,262
0.62,263
0.62,267
0.62,270
0.62,259
0.62,260
0.62,259
0.62,260
0.62,256
0.62,261
0.62,257
0.62,267
0.62,264
0.62,264
0.62,265
0.62,271
0.62,256
0.62,274
0.62,266
0.62,250
0.62,260
0.62,268
0.62,268
0.62,272
0.62,250
0.62,279
0.62,257
0.62,273
0.62,274
0.62,253
0.62,261
0.62,239
0.62,259
0.62,258
0.62,251
0.62,264
0.62,277
0.62,252
0.62,276
0.62,267
0.62,254
0.62,258
0.62,265
0.62,244
0.62,256
0.62,259
0.62,264
0.63,241
0.63,267
0.63,246
0.63,267
0.63,258
0.63,274
0.63,246
0.63,253
0.63,258
0.63,246
0.63,274
0.63,245
0.63,265
0.63,256
0.63,256
0.63,262
0.63,279
0.63,253
0.63,234
0.63,252
0.63,266
0.63,251
0.63,253
0.63,247
0.63,260
0.63,258
0.63,248
0.63,261
0.63,268
0.63,245
0.63,246
0.63,267
0.63,279
0.63,264
0.63,260
0.63,280
0.63,261
0.63,250
0.63,252
0.63,265
0.63,233
0.63,247
0.63,252
0.63,254
0.63,265
0.63,252
0.63,257
0.63,265
0.63,251
0.63,264
0.63,250
0.63,255
0.63,262
0.63,249
0.63,257
0.63,251
0.63,256
0.63,257
0.63,260
0.63,257
0.63,259
0.63,259
0.63,267
0.63,259
0.63,268
0.63,248
0.63,254
0.63,250
0.63,265
0.63,268
0.63,262
0.63,251
0.63,263
0.63,264
0.63,245
0.63,261
0.63,253
0.63,247
0.63,273
0.63,271
0.63,256
0.63,252
0.63,277
0.63,244
0.63,236
0.63,274
0.63,255
0.63,251
0.63,263
0.63,256
0.63,247
0.63,260
0.63,251
0.63,249
0.63,257
0.63,267
0.64,238
0.64,253
0.64,265
0.64,256
0.64,240
0.64,258
0.64,266
0.64,272
0.64,242
0.64,241
0.64,251
0.64,251
0.64,261
0.64,264
0.64,230
0.64,275
0.64,253
0.64,246
0.64,245
0.64,247
0.64,266
0.64,242
0.64,255
0.64,251
0.64,246
0.64,272
0.64,246
0.64,256
0.64,265
0.64,241
0.64,265
0.64,257
0.64,248
0.64,256
0.64,274
0.64,250
0.64,248
0.64,233
0.64,246
0.64,263
0.64,249
0.64,243
0.64,262
0.64,253
0.64,264
0.64,263
0.64,245
0.64,246
0.64,250
0.64,253
0.64,253
0.64,245
0.64,257
0.64,250
0.64,253
0.64,263
0.64,256
0.64,249
0.64,258
0.64,259
0.64,264
0.64,259
0.64,252
0.64,260
0.64,252
0.64,259
0.64,264
0.64,245
0.64,246
0.64,263
0.64,245
0.64,262
0.64,266
0.64,267
0.64,247
0.64,260
0.64,256
0.64,234
0.64,251
0.64,260
0.64,244
0.64,274
0.64,250
0.64,273
0.64,260
0.64,262
0.64,253
0.64,245
0.64,252
0.64,253
0.64,244
0.64,251
0.65,234
0.64,262
0.65,259
0.65,248
0.65,262
0.65,237
0.65,249
0.65,246
0.65,259
0.65,272
0.65,239
0.65,248
0.65,240
0.65,235
0.65,246
0.65,249
0.65,254
0.65,268
0.65,262
0.65,226
0.65,258
0.65,243
0.65,243
0.65,239
0.65,243
0.65,251
0.65,260
0.65,249
0.65,246
0.65,236
0.65,251
0.65,243
0.65,269
0.65,252
0.65,267
0.65,252
0.65,243
0.65,231
0.65,239
0.65,248
0.65,251
0.65,244
0.65,251
0.65,262
0.65,253
0.65,250
0.65,239
0.65,257
0.65,243
0.65,251
0.65,247
0.65,237
0.65,242
0.65,258
0.65,241
0.65,245
0.65,258
0.65,246
0.65,249
0.65,247
0.65,245
0.65,247
0.65,251
0.65,249
0.65,264
0.65,258
0.65,251
0.65,255
0.65,249
0.65,241
0.65,243
0.65,247
0.65,258
0.65,263
0.65,257
0.65,265
0.65,242
0.65,258
0.65,233
0.65,254
0.65,255
0.65,237
0.65,245
0.65,246
0.65,239
0.65,259
0.65,266
0.65,269
0.65,244
0.65,247
0.65,240
0.65,238
0.65,238
0.65,253
0.65,252
0.65,249
0.66,234
0.65,249
0.66,232
0.66,258
0.66,244
0.66,253
0.66,254
0.66,267
0.66,244
0.66,236
0.66,247
0.66,242
0.66,236
0.66,235
0.66,256
0.66,258
0.66,241
0.66,264
0.66,244
0.66,241
0.66,227
0.66,239
0.66,239
0.66,255
0.66,241
0.66,237
0.66,242
0.66,247
0.66,258
0.66,249
0.66,234
0.66,239
0.66,250
0.66,251
0.66,266
0.66,261
0.66,241
0.66,260
0.66,244
0.66,232
0.66,248
0.66,223
0.66,246
0.66,257
0.66,240
0.66,247
0.66,248
0.66,246
0.66,238
0.66,241
0.66,252
0.66,229
0.66,248
0.66,249
0.66,235
0.66,245
0.66,246
0.66,247
0.66,241
0.66,244
0.66,241
0.66,257
0.66,253
0.66,244
0.66,250
0.66,247
0.66,258
0.66,244
0.66,258
0.66,237
0.66,252
0.66,245
0.66,250
0.66,255
0.66,239
0.66,241
0.66,263
0.66,243
0.66,238
0.66,245
0.66,253
0.66,253
0.66,252
0.66,256
0.66,228
0.66,264
0.66,234
0.66,261
0.66,236
0.66,235
0.66,244
0.66,254
0.66,240
0.66,237
0.66,250
0.66,240
0.66,247
0.66,233
0.66,241
0.66,248
0.67,225
0.67,241
0.67,251
0.67,226
0.67,257
0.67,239
0.67,229
0.67,243
0.67,246
0.67,241
0.67,232
0.67,238
0.67,248
0.67,250
0.67,232
0.67,253
0.67,241
0.67,231
0.67,217
0.67,233
0.67,242
0.67,247
0.67,239
0.67,243
0.67,231
0.67,236
0.67,250
0.67,254
0.67,237
0.67,236
0.67,257
0.67,240
0.67,228
0.67,252
0.67,242
0.67,249
0.67,233
0.67,226
0.67,244
0.67,256
0.67,239
0.67,224
0.67,251
0.67,239
0.67,235
0.67,242
0.67,243
0.67,233
0.67,251
0.67,227
0.67,237
0.67,245
0.67,245
0.67,247
0.67,238
0.67,232
0.67,236
0.67,239
0.67,239
0.67,246
0.67,241
0.67,252
0.67,247
0.67,247
0.67,239
0.67,228
0.67,251
0.67,237
0.67,234
0.67,246
0.67,251
0.67,253
0.67,249
0.67,259
0.67,237
0.67,246
0.67,250
0.67,235
0.67,230
0.67,224
0.67,244
0.67,253
0.67,227
0.67,256
0.67,246
0.67,231
0.67,258
0.67,233
0.67,238
0.67,230
0.67,229
0.67,240
0.67,246
0.67,241
0.67,242
0.67,232
0.68,224
0.68,235
0.68,237
0.68,226
0.68,248
0.68,226
0.68,241
0.68,256
0.68,236
0.68,232
0.68,246
0.68,244
0.68,247
0.68,244
0.68,241
0.68,244
0.68,226
0.68,229
0.68,211
0.68,229
0.68,238
0.68,234
0.68,243
0.68,236
0.68,231
0.68,234
0.68,232
0.68,222
0.68,240
0.68,232
0.68,237
0.68,253
0.68,228
0.68,250
0.68,234
0.68,245
0.68,251
0.68,239
0.68,228
0.68,252
0.68,223
0.68,239
0.68,237
0.68,242
0.68,241
0.68,229
0.68,246
0.68,225
0.68,227
0.68,240
0.68,223
0.68,237
0.68,238
0.68,236
0.68,238
0.68,236
0.68,234
0.68,244
0.68,237
0.68,243
0.68,251
0.68,236
0.68,234
0.68,240
0.68,247
0.68,248
0.68,240
0.68,227
0.68,247
0.68,245
0.68,232
0.68,244
0.68,232
0.68,229
0.68,251
0.68,230
0.68,243
0.68,243
0.68,242
0.68,245
0.68,246
0.68,223
0.68,247
0.68,227
0.68,240
0.68,252
0.68,224
0.68,230
0.68,235
0.68,221
0.68,234
0.68,224
0.68,243
0.68,237
0.68,240
0.68,229
0.68,232
0.69,237
0.69,217
0.69,238
0.69,242
0.69,235
0.69,236
0.69,229
0.69,227
0.69,255
0.69,240
0.69,233
0.69,222
0.69,227
0.69,241
0.69,223
0.69,246
0.69,239
0.69,235
0.69,227
0.69,205
0.69,236
0.69,228
0.69,229
0.69,231
0.69,232
0.69,229
0.69,222
0.69,214
0.69,237
0.69,226
0.69,229
0.69,223
0.69,235
0.69,236
0.69,245
0.69,248
0.69,237
0.69,252
0.69,224
0.69,224
0.69,231
0.69,233
0.69,244
0.69,238
0.69,234
0.69,235
0.69,246
0.69,224
0.69,229
0.69,233
0.69,236
0.69,225
0.69,221
0.69,229
0.69,236
0.69,228
0.69,231
0.69,237
0.69,230
0.69,239
0.69,238
0.69,232
0.69,236
0.69,245
0.69,235
0.69,226
0.69,223
0.69,244
0.69,243
0.69,246
0.69,229
0.69,248
0.69,242
0.69,224
0.69,231
0.69,243
0.69,248
0.69,226
0.69,235
0.69,240
0.69,235
0.69,224
0.69,223
0.69,240
0.69,239
0.69,247
0.69,226
0.69,231
0.69,247
0.69,245
0.69,223
0.69,216
0.69,234
0.69,229
0.69,230
0.69,229
0.7,220
0.69,233
0.7,233
0.7,225
0.7,234
0.7,226
0.7,229
0.7,230
0.7,235
0.7,249
0.7,213
0.7,221
0.7,227
0.7,219
0.7,237
0.7,234
0.7,230
0.7,238
0.7,228
0.7,226
0.7,224
0.7,221
0.7,204
0.7,225
0.7,231
0.7,222
0.7,230
0.7,224
0.7,242
0.7,229
0.7,213
0.7,222
0.7,226
0.7,220
0.7,239
0.7,234
0.7,228
0.7,223
0.7,249
0.7,228
0.7,221
0.7,233
0.7,238
0.7,230
0.7,231
0.7,238
0.7,234
0.7,234
0.7,238
0.7,214
0.7,219
0.7,220
0.7,219
0.7,221
0.7,225
0.7,226
0.7,238
0.7,234
0.7,228
0.7,230
0.7,231
0.7,230
0.7,230
0.7,241
0.7,228
0.7,225
0.7,230
0.7,224
0.7,233
0.7,241
0.7,223
0.7,239
0.7,238
0.7,221
0.7,237
0.7,243
0.7,225
0.7,230
0.7,230
0.7,234
0.7,227
0.7,235
0.7,218
0.7,236
0.7,228
0.7,218
0.7,231
0.7,242
0.7,222
0.7,220
0.7,224
0.7,212
0.7,224
0.7,232
0.7,213
0.71,226
0.7,227
0.7,228
0.71,216
0.71,230
0.71,228
0.71,230
0.71,231
0.71,228
0.71,220
0.71,247
0.71,212
0.71,216
0.71,227
0.71,234
0.71,226
0.71,230
0.71,218
0.71,233
0.71,224
0.71,224
0.71,221
0.71,202
0.71,219
0.71,210
0.71,227
0.71,218
0.71,220
0.71,226
0.71,219
0.71,219
0.71,227
0.71,222
0.71,228
0.71,234
0.71,225
0.71,243
0.71,233
0.71,224
0.71,227
0.71,215
0.71,232
0.71,225
0.71,229
0.71,231
0.71,230
0.71,214
0.71,210
0.71,229
0.71,236
0.71,228
0.71,216
0.71,222
0.71,217
0.71,232
0.71,213
0.71,226
0.71,225
0.71,234
0.71,228
0.71,234
0.71,224
0.71,231
0.71,234
0.71,228
0.71,222
0.71,219
0.71,223
0.71,227
0.71,229
0.71,237
0.71,228
0.71,235
0.71,219
0.71,238
0.71,227
0.71,229
0.71,229
0.71,229
0.71,222
0.71,234
0.71,228
0.71,217
0.71,243
0.71,213
0.71,225
0.71,239
0.71,225
0.71,219
0.71,240
0.71,212
0.71,210
0.71,225
0.72,212
0.71,222
0.71,213
0.72,224
0.72,225
0.71,222
0.71,226
0.72,230
0.72,228
0.72,222
0.72,215
0.71,226
0.72,235
0.72,219
0.72,213
0.72,226
0.72,204
0.72,223
0.72,231
0.72,214
0.72,224
0.72,231
0.72,220
0.72,223
0.72,214
0.72,198
0.72,211
0.72,218
0.72,211
0.72,204
0.72,216
0.72,224
0.72,222
0.72,237
0.72,228
0.72,219
0.72,222
0.72,234
0.72,219
0.72,229
0.72,224
0.72,221
0.72,216
0.72,222
0.72,206
0.72,219
0.72,213
0.72,225
0.72,203
0.72,204
0.72,222
0.72,219
0.72,220
0.72,231
0.72,209
0.72,222
0.72,209
0.72,228
0.72,227
0.72,209
0.72,214
0.72,223
0.72,227
0.72,222
0.72,223
0.72,222
0.72,218
0.72,235
0.72,216
0.72,225
0.72,235
0.72,213
0.72,225
0.72,221
0.72,224
0.72,221
0.72,219
0.72,218
0.72,224
0.72,232
0.72,216
0.72,220
0.72,224
0.72,223
0.72,209
0.72,228
0.72,223
0.72,234
0.72,208
0.72,223
0.72,237
0.72,219
0.72,217
0.72,207
0.72,220
0.72,208
0.72,208
0.72,214
0.72,240
0.72,214
0.72,215
0.73,217
0.73,207
0.73,223
0.73,221
0.73,223
0.73,217
0.73,223
0.73,227
0.73,201
0.73,209
0.73,211
0.73,228
0.73,216
0.73,220
0.73,224
0.73,219
0.73,219
0.73,213
0.73,208
0.73,207
0.73,214
0.73,215
0.73,220
0.73,211
0.73,202
0.73,221
0.73,212
0.73,205
0.73,215
0.73,220
0.73,214
0.73,229
0.73,194
0.73,232
0.73,222
0.73,214
0.73,212
0.73,226
0.73,200
0.73,211
0.73,214
0.73,209
0.73,216
0.73,201
0.73,221
0.73,223
0.73,222
0.73,206
0.73,202
0.73,217
0.73,215
0.73,205
0.73,204
0.73,214
0.73,223
0.73,204
0.73,217
0.73,221
0.73,216
0.73,213
0.73,227
0.73,226
0.73,210
0.73,216
0.73,217
0.73,213
0.73,222
0.73,231
0.73,230
0.73,213
0.73,216
0.73,220
0.73,211
0.73,215
0.73,212
0.73,221
0.73,213
0.73,220
0.73,213
0.73,230
0.73,215
0.73,233
0.73,217
0.73,216
0.73,223
0.73,199
0.73,206
0.73,202
0.73,205
0.73,214
0.73,217
0.73,212
0.73,237
0.73,201
0.73,208
0.73,207
0.73,210
0.74,206
0.74,219
0.74,212
0.74,215
0.74,216
0.74,215
0.74,213
0.74,202
0.74,209
0.74,220
0.74,204
0.74,208
0.74,217
0.74,195
0.74,224
0.74,212
0.74,201
0.74,214
0.74,214
0.74,205
0.74,206
0.74,187
0.74,208
0.74,204
0.74,193
0.74,208
0.74,218
0.74,208
0.74,208
0.74,203
0.74,211
0.74,223
0.74,212
0.74,205
0.74,205
0.74,221
0.74,206
0.74,221
0.74,203
0.74,206
0.74,199
0.74,221
0.74,211
0.74,196
0.74,209
0.74,199
0.74,214
0.74,215
0.74,202
0.74,217
0.74,217
0.74,198
0.74,209
0.74,202
0.74,210
0.74,219
0.74,212
0.74,201
0.74,206
0.74,221
0.74,195
0.74,212
0.74,204
0.74,200
0.74,208
0.74,210
0.74,214
0.74,224
0.74,205
0.74,220
0.74,208
0.74,210
0.74,206
0.74,213
0.74,222
0.74,213
0.74,214
0.74,206
0.74,210
0.74,211
0.74,213
0.74,208
0.74,224
0.74,198
0.74,214
0.74,229
0.74,202
0.74,205
0.74,207
0.74,196
0.74,206
0.74,209
0.74,211
0.74,196
0.74,232
0.74,198
0.74,195
0.75,197
0.75,212
0.75,210
0.75,207
0.75,211
0.75,212
0.75,205
0.75,195
0.75,209
0.75,203
0.75,207
0.75,201
0.75,215
0.75,192
0.75,211
0.75,208
0.75,198
0.75,208
0.75,214
0.75,181
0.75,198
0.75,199
0.75,203
0.75,200
0.75,202
0.75,199
0.75,200
0.75,184
0.75,213
0.75,208
0.75,205
0.75,198
0.75,213
0.75,199
0.75,208
0.75,195
0.75,213
0.75,199
0.75,208
0.75,200
0.75,194
0.75,213
0.75,201
0.75,209
0.75,205
0.75,185
0.75,193
0.75,205
0.75,211
0.75,191
0.75,195
0.75,204
0.75,208
0.75,196
0.75,197
0.75,204
0.75,213
0.75,194
0.75,206
0.75,211
0.75,194
0.75,194
0.75,202
0.75,219
0.75,206
0.75,204
0.75,216
0.75,194
0.75,201
0.75,213
0.75,204
0.75,202
0.75,202
0.75,200
0.75,196
0.75,208
0.75,205
0.75,198
0.75,209
0.75,207
0.75,208
0.75,201
0.75,209
0.75,196
0.75,224
0.75,198
0.75,202
0.75,201
0.75,215
0.75,185
0.75,206
0.75,191
0.75,201
0.75,199
0.75,185
0.75,201
0.75,223
0.76,204
0.76,203
0.76,201
0.76,204
0.76,199
0.76,198
0.76,209
0.76,200
0.76,187
0.76,196
0.76,186
0.76,201
0.76,188
0.76,195
0.76,202
0.76,198
0.76,175
0.76,212
0.76,195
0.76,194
0.76,193
0.76,195
0.75,194
0.76,193
0.76,192
0.76,175
0.76,199
0.76,199
0.76,198
0.76,192
0.76,197
0.76,196
0.76,200
0.76,193
0.76,204
0.76,205
0.76,205
0.76,191
0.76,201
0.76,192
0.76,187
0.76,193
0.76,205
0.76,195
0.76,199
0.76,178
0.76,202
0.76,190
0.76,192
0.76,200
0.76,185
0.76,189
0.76,200
0.76,188
0.76,196
0.76,190
0.76,203
0.76,186
0.76,203
0.76,197
0.76,201
0.76,186
0.76,210
0.76,191
0.76,186
0.76,196
0.76,201
0.76,186
0.76,195
0.76,219
0.76,207
0.76,192
0.76,194
0.76,201
0.76,197
0.76,187
0.76,201
0.76,207
0.76,197
0.76,204
0.76,202
0.76,196
0.76,190
0.76,206
0.76,221
0.76,192
0.76,196
0.76,197
0.76,188
0.76,179
0.76,194
0.76,192
0.76,199
0.76,180
0.76,186
0.77,190
0.76,195
0.77,200
0.77,195
0.77,197
0.77,186
0.77,199
0.77,184
0.77,189
0.77,190
0.77,196
0.77,190
0.77,178
0.77,189
0.77,204
0.77,184
0.77,191
0.77,187
0.77,168
0.77,193
0.77,194
0.77,206
0.77,189
0.77,186
0.77,184
0.77,174
0.77,193
0.77,193
0.77,188
0.77,192
0.77,194
0.77,189
0.77,185
0.77,198
0.77,197
0.77,199
0.77,187
0.77,201
0.77,189
0.77,186
0.77,186
0.77,199
0.77,187
0.77,191
0.77,196
0.77,198
0.77,187
0.77,172
0.77,181
0.77,176
0.77,197
0.77,182
0.77,199
0.77,180
0.77,184
0.77,188
0.77,185
0.77,180
0.77,185
0.77,197
0.77,197
0.77,201
0.77,184
0.77,186
0.77,176
0.77,199
0.77,194
0.77,194
0.77,180
0.77,211
0.77,200
0.77,182
0.77,191
0.77,191
0.77,197
0.77,186
0.77,193
0.77,194
0.77,197
0.77,193
0.77,190
0.77,195
0.77,201
0.77,187
0.77,189
0.77,210
0.77,189
0.77,178
0.77,181
0.77,199
0.77,188
0.77,191
0.77,192
0.77,185
0.77,175
0.77,209
0.77,183
0.78,180
0.78,178
0.77,185
0.78,191
0.78,187
0.78,190
0.78,190
0.78,182
0.78,188
0.78,169
0.78,184
0.78,183
0.78,196
0.78,186
0.78,188
0.78,188
0.78,177
0.78,183
0.78,164
0.78,183
0.78,183
0.78,185
0.78,174
0.78,178
0.78,188
0.78,184
0.78,172
0.78,185
0.78,172
0.78,189
0.78,182
0.78,180
0.78,181
0.78,186
0.78,187
0.78,174
0.78,189
0.78,192
0.78,179
0.78,176
0.78,181
0.78,183
0.78,190
0.78,200
0.78,189
0.78,188
0.78,182
0.78,165
0.78,177
0.78,191
0.78,169
0.78,172
0.78,188
0.78,187
0.78,178
0.78,183
0.78,181
0.78,176
0.78,189
0.78,178
0.78,193
0.78,169
0.78,188
0.78,168
0.78,186
0.78,193
0.78,177
0.78,202
0.78,187
0.78,178
0.78,178
0.78,182
0.78,175
0.78,189
0.78,177
0.78,186
0.78,190
0.78,177
0.78,188
0.78,184
0.78,184
0.78,187
0.78,187
0.78,179
0.78,180
0.78,183
0.78,202
0.78,182
0.78,175
0.78,174
0.78,181
0.79,175
0.78,189
0.78,185
0.79,178
0.78,178
0.78,184
0.78,185
0.78,171
0.79,172
0.78,199
0.78,177
0.79,181
0.79,184
0.79,181
0.79,176
0.79,169
0.79,179
0.79,174
0.79,169
0.79,161
0.79,187
0.78,176
0.79,176
0.79,181
0.79,182
0.79,192
0.79,178
0.79,176
0.79,174
0.79,166
0.79,176
0.79,165
0.79,175
0.79,177
0.79,163
0.79,177
0.79,169
0.79,178
0.79,185
0.79,175
0.79,152
0.79,166
0.79,181
0.79,174
0.79,173
0.79,183
0.79,183
0.79,172
0.79,175
0.79,157
0.79,181
0.79,181
0.79,174
0.79,185
0.79,169
0.79,177
0.79,162
0.79,165
0.79,173
0.79,178
0.79,177
0.79,182
0.79,171
0.79,179
0.79,180
0.79,174
0.79,174
0.79,182
0.79,186
0.79,163
0.79,169
0.79,169
0.79,194
0.79,193
0.79,177
0.79,183
0.79,168
0.79,177
0.79,184
0.79,168
0.79,183
0.79,177
0.79,173
0.79,158
0.79,177
0.79,178
0.79,184
0.79,171
0.79,180
0.79,171
0.79,168
0.79,191
0.79,174
0.79,175
0.79,170
0.79,168
0.79,177
0.79,189
0.79,162
0.79,165
0.79,167
0.8,163
0.79,174
0.79,176
0.8,170
0.8,168
0.8,176
0.8,165
0.8,169
0.8,170
0.79,162
0.8,171
0.8,167
0.8,159
0.8,176
0.8,177
0.8,169
0.8,167
0.8,176
0.8,148
0.8,172
0.8,169
0.8,166
0.8,170
0.8,163
0.8,164
0.8,155
0.8,154
0.8,158
0.8,183
0.8,168
0.8,164
0.8,161
0.8,172
0.8,175
0.8,168
0.8,167
0.8,171
0.8,169
0.8,175
0.8,175
0.8,171
0.8,169
0.8,176
0.8,174
0.8,176
0.8,163
0.8,171
0.8,148
0.8,160
0.8,160
0.8,171
0.8,166
0.8,157
0.8,178
0.8,171
0.8,165
0.8,169
0.8,168
0.8,164
0.8,169
0.8,168
0.8,157
0.8,165
0.8,169
0.8,177
0.8,184
0.8,178
0.8,160
0.8,152
0.8,168
0.8,191
0.8,162
0.8,173
0.8,164
0.8,174
0.8,175
0.8,162
0.8,170
0.8,171
0.8,174
0.8,178
0.8,172
0.8,167
0.8,174
0.8,166
0.8,183
0.8,166
0.8,171
0.8,155
0.8,153
0.8,169
0.8,168
0.8,165
0.8,158
0.8,166
0.81,152
0.8,163
0.8,172
0.8,172
0.8,181
0.8,161
0.8,157
0.81,167
0.81,164
0.81,159
0.81,162
0.81,158
0.81,161
0.8,156
0.81,154
0.81,159
0.81,165
0.81,160
0.81,157
0.81,166
0.81,165
0.81,167
0.81,168
0.81,172
0.81,163
0.81,163
0.81,143
0.81,162
0.81,156
0.81,159
0.81,164
0.81,167
0.81,148
0.81,152
0.81,157
0.81,162
0.81,156
0.81,166
0.81,164
0.81,164
0.81,161
0.81,163
0.81,165
0.81,159
0.81,161
0.81,163
0.81,161
0.81,169
0.81,168
0.81,151
0.81,139
0.81,152
0.81,162
0.81,160
0.81,166
0.81,162
0.81,153
0.81,159
0.81,161
0.81,162
0.81,145
0.81,160
0.81,165
0.81,149
0.81,164
0.81,166
0.81,155
0.81,179
0.81,180
0.81,158
0.81,158
0.81,155
0.81,164
0.81,172
0.81,150
0.81,164
0.81,163
0.81,164
0.81,160
0.81,171
0.81,167
0.81,165
0.81,155
0.81,160
0.81,170
0.81,158
0.81,178
0.81,157
0.81,158
0.81,160
0.81,166
0.81,160
0.81,161
0.81,167
0.81,155
0.81,148
0.81,168
0.81,153
0.81,171
0.81,146
0.82,146
0.81,164
0.81,150
0.82,158
0.82,160
0.82,157
0.82,152
0.82,155
0.82,158
0.82,155
0.82,157
0.82,151
0.82,144
0.82,160
0.82,150
0.82,160
0.82,152
0.82,152
0.82,162
0.82,160
0.82,160
0.82,149
0.82,151
0.82,158
0.82,136
0.82,141
0.82,148
0.82,154
0.82,159
0.82,157
0.82,146
0.82,155
0.82,157
0.82,149
0.82,151
0.82,155
0.82,155
0.82,152
0.82,160
0.82,156
0.82,154
0.82,158
0.82,155
0.82,152
0.82,160
0.82,156
0.82,147
0.82,133
0.82,154
0.82,147
0.82,149
0.82,142
0.82,164
0.82,152
0.82,152
0.82,155
0.82,166
0.82,157
0.82,155
0.82,141
0.82,157
0.82,158
0.82,153
0.82,144
0.82,136
0.82,167
0.82,159
0.82,147
0.82,164
0.82,173
0.82,160
0.82,151
0.82,150
0.82,144
0.82,158
0.82,157
0.82,159
0.82,156
0.82,152
0.82,158
0.82,155
0.82,163
0.82,150
0.82,169
0.82,155
0.82,156
0.82,155
0.82,151
0.82,147
0.82,151
0.82,143
0.82,165
0.82,148
0.82,145
0.82,147
0.83,150
0.83,140
0.82,154
0.82,147
0.83,151
0.83,150
0.83,143
0.83,146
0.83,145
0.83,149
0.83,147
0.83,134
0.82,163
0.83,151
0.83,144
0.83,154
0.83,139
0.83,147
0.83,157
0.83,159
0.83,134
0.83,150
0.83,153
0.83,137
0.83,143
0.83,146
0.83,151
0.83,149
0.83,151
0.83,144
0.83,147
0.83,151
0.83,150
0.83,142
0.83,143
0.83,149
0.83,150
0.83,151
0.83,154
0.83,148
0.83,155
0.83,145
0.83,148
0.83,149
0.83,140
0.83,130
0.83,139
0.83,136
0.83,147
0.83,151
0.83,155
0.83,132
0.83,145
0.83,143
0.83,147
0.83,148
0.83,147
0.83,150
0.83,163
0.83,166
0.83,136
0.83,145
0.83,162
0.83,145
0.83,134
0.83,143
0.83,135
0.83,138
0.83,147
0.83,148
0.83,156
0.83,147
0.83,151
0.83,144
0.83,153
0.83,146
0.83,148
0.83,158
0.83,156
0.83,142
0.83,146
0.83,140
0.83,158
0.83,145
0.83,142
0.83,144
0.83,143
0.83,140
0.83,137
0.83,136
0.83,140
0.83,156
0.84,134
0.84,144
0.84,146
0.83,137
0.83,146
0.84,145
0.84,139
0.84,135
0.84,141
0.84,141
0.83,153
0.84,139
0.84,141
0.84,133
0.84,126
0.84,145
0.84,136
0.84,139
0.84,145
0.84,143
0.84,149
0.84,152
0.84,128
0.84,134
0.84,128
0.84,143
0.84,139
0.84,142
0.84,127
0.84,140
0.84,139
0.84,138
0.84,146
0.84,133
0.84,140
0.84,144
0.84,139
0.84,136
0.84,144
0.84,139
0.84,145
0.84,144
0.84,143
0.84,147
0.84,150
0.84,139
0.84,144
0.84,128
0.84,131
0.84,131
0.84,141
0.84,122
0.84,140
0.84,133
0.84,139
0.84,137
0.84,143
0.84,130
0.84,141
0.84,150
0.84,137
0.84,137
0.84,137
0.84,154
0.84,128
0.84,136
0.84,154
0.84,147
0.84,142
0.84,139
0.84,146
0.84,143
0.84,140
0.84,135
0.84,146
0.84,131
0.84,142
0.84,145
0.84,138
0.84,152
0.84,143
0.84,136
0.84,149
0.84,137
0.84,147
0.84,140
0.84,153
0.84,135
0.84,133
0.84,128
0.84,149
0.84,139
0.84,131
0.84,135
0.84,146
0.84,134
0.85,128
0.84,134
0.84,143
0.85,142
0.85,130
0.85,138
0.85,142
0.85,138
0.85,132
0.85,134
0.85,135
0.85,126
0.85,132
0.85,131
0.85,132
0.85,127
0.85,134
0.85,129
0.85,146
0.85,136
0.85,124
0.85,142
0.85,130
0.85,123
0.85,137
0.85,136
0.85,136
0.85,131
0.85,134
0.85,138
0.85,121
0.85,138
0.85,131
0.85,132
0.85,142
0.85,133
0.85,134
0.85,130
0.85,133
0.85,134
0.85,136
0.85,135
0.85,134
0.85,143
0.85,135
0.85,147
0.85,133
0.85,142
0.85,128
0.85,124
0.85,134
0.85,141
0.85,130
0.85,132
0.85,134
0.85,135
0.85,135
0.85,129
0.85,133
0.85,132
0.85,124
0.85,141
0.85,144
0.85,128
0.85,132
0.85,124
0.85,131
0.85,142
0.85,132
0.85,149
0.85,135
0.85,128
0.85,140
0.85,135
0.85,123
0.85,131
0.85,132
0.85,136
0.85,138
0.85,134
0.85,135
0.85,133
0.85,136
0.85,142
0.85,140
0.85,133
0.85,127
0.85,130
0.85,131
0.85,133
0.85,144
0.85,143
0.85,127
0.85,122
0.85,123
0.86,118
0.86,125
0.85,128
0.85,131
0.85,133
0.86,128
0.86,125
0.86,133
0.86,135
0.86,124
0.86,121
0.86,130
0.86,125
0.86,119
0.86,128
0.86,119
0.86,123
0.86,123
0.86,126
0.86,121
0.86,125
0.86,131
0.86,131
0.86,131
0.86,127
0.86,111
0.86,116
0.86,117
0.86,122
0.86,126
0.86,135
0.86,121
0.86,123
0.86,122
0.86,135
0.86,130
0.86,122
0.86,120
0.86,128
0.86,123
0.86,123
0.86,123
0.86,127
0.86,125
0.86,134
0.86,118
0.86,132
0.86,134
0.86,114
0.86,109
0.86,120
0.86,121
0.86,136
0.86,120
0.86,117
0.86,130
0.86,124
0.86,124
0.86,124
0.86,134
0.86,123
0.86,126
0.86,117
0.86,126
0.86,126
0.86,136
0.86,117
0.86,122
0.86,134
0.86,141
0.86,122
0.86,125
0.86,115
0.86,123
0.86,129
0.86,125
0.86,130
0.86,127
0.86,128
0.86,120
0.86,131
0.86,127
0.86,132
0.86,122
0.86,123
0.86,133
0.86,123
0.86,128
0.86,123
0.86,121
0.86,111
0.86,120
0.86,117
0.87,130
0.86,133
0.87,113
0.86,120
0.86,132
0.86,123
0.86,123
0.86,120
0.87,116
0.87,121
0.87,124
0.87,118
0.87,124
0.87,117
0.87,111
0.87,117
0.87,116
0.87,114
0.87,118
0.87,118
0.87,115
0.87,117
0.87,109
0.87,114
0.87,120
0.87,123
0.87,116
0.87,113
0.87,118
0.87,121
0.87,118
0.87,112
0.87,108
0.87,115
0.87,111
0.87,127
0.87,119
0.87,116
0.87,120
0.87,114
0.87,125
0.87,114
0.87,120
0.87,115
0.87,118
0.87,119
0.87,126
0.87,131
0.87,126
0.87,116
0.87,118
0.87,106
0.87,119
0.87,103
0.87,109
0.87,109
0.87,112
0.87,131
0.87,116
0.87,117
0.87,113
0.87,116
0.87,118
0.87,116
0.87,112
0.87,122
0.87,117
0.87,133
0.87,118
0.87,110
0.87,113
0.87,124
0.87,116
0.87,113
0.87,128
0.87,122
0.87,116
0.87,118
0.87,114
0.87,120
0.87,106
0.87,120
0.87,116
0.87,121
0.87,127
0.87,123
0.87,113
0.87,115
0.87,123
0.87,121
0.87,105
0.87,124
0.87,113
0.87,127
0.87,116
0.87,111
0.87,114
0.87,113
0.87,116
0.88,109
0.87,115
0.88,121
0.88,113
0.88,116
0.88,110
0.88,112
0.88,111
0.88,107
0.88,111
0.88,116
0.88,106
0.88,111
0.88,113
0.88,109
0.88,115
0.88,112
0.88,120
0.88,113
0.88,102
0.88,114
0.88,111
0.88,110
0.88,112
0.88,113
0.88,108
0.88,110
0.88,104
0.88,106
0.88,122
0.88,120
0.88,122
0.88,110
0.88,106
0.88,109
0.88,114
0.88,116
0.88,110
0.88,108
0.88,112
0.88,114
0.88,123
0.88,119
0.88,120
0.88,111
0.88,98
0.88,103
0.88,95
0.88,112
0.88,106
0.88,106
0.88,126
0.88,113
0.88,116
0.88,114
0.88,114
0.88,111
0.88,114
0.88,115
0.88,117
0.88,105
0.88,124
0.88,109
0.88,109
0.88,105
0.88,121
0.88,110
0.88,110
0.88,117
0.88,112
0.88,108
0.88,110
0.88,111
0.88,102
0.88,112
0.88,108
0.88,114
0.88,109
0.88,121
0.88,118
0.88,108
0.88,112
0.88,115
0.88,110
0.88,114
0.88,110
0.88,107
0.88,107
0.88,99
0.88,112
0.89,108
0.88,111
0.89,104
0.88,116
0.88,105
0.89,96
0.88,111
0.88,107
0.89,97
0.89,101
0.89,107
0.89,104
0.89,98

0.89,105
0.89,105
0.89,97
0.89,100
0.89,99
0.89,102
0.89,106
0.89,103
0.89,90
0.89,101
0.89,100
0.89,99
0.89,107
0.89,101
0.89,96
0.89,108
0.89,95
0.89,101
0.89,99
0.89,95
0.89,100
0.89,109
0.89,99
0.89,109
0.89,104
0.89,101
0.89,100
0.89,106
0.89,102
0.89,110
0.89,101
0.89,95
0.89,108
0.89,89
0.89,98
0.89,100
0.89,111
0.89,104
0.89,103
0.89,99
0.89,101
0.89,100
0.89,100
0.89,104
0.89,92
0.89,98
0.89,100
0.89,90
0.89,106
0.89,111
0.89,106
0.89,95
0.89,106
0.89,100
0.89,97
0.89,96
0.89,97
0.89,109
0.89,92
0.89,100
0.89,97
0.89,99
0.89,97
0.89,96
0.89,101
0.89,90
0.89,95
0.89,108
0.89,103
0.89,98
0.89,99

0.89,103
0.89,104
0.89,100
0.89,97
0.89,100
0.89,109
0.89,102
0.89,93
0.89,93
0.89,103
0.89,104
0.89,99
0.9,90
0.89,99
0.9,99
0.9,89
0.9,96
0.9,85
0.9,97
0.9,93
0.9,93
0.9,96
0.9,98
0.9,93
0.9,93
0.9,99
0.9,93
0.9,101
0.9,92
0.9,94
0.9,97
0.9,84
0.9,92
0.9,95
0.9,98
0.9,92
0.9,97
0.9,95
0.9,89
0.9,100
0.9,93
0.9,95
0.9,88
0.9,100
0.9,101
0.9,91
0.9,91
0.9,89
0.9,96
0.9,97
0.9,92
0.9,94
0.9,93
0.9,102
0.9,93
0.9,86
0.9,98
0.9,81
0.9,83
0.9,90
0.9,99
0.9,97
0.9,92
0.9,95
0.9,87
0.9,106
0.9,99
0.9,90
0.9,92
0.9,88
0.9,95
0.9,87
0.9,97
0.9,93
0.9,95
0.9,87
0.9,101
0.9,97
0.9,99
0.9,91
0.9,91
0.9,91
0.9,93
0.9,97
0.9,94
0.9,94
0.9,85
0.9,93
0.9,94
0.9,86
0.9,92
0.9,103
0.9,99
0.9,92
0.9,87
0.9,90
0.9,97
0.9,98
0.9,94
0.9,98
0.9,90
0.9,90
0.9,82
0.9,103
0.9,91
0.9,88
0.9,95
0.9,97
0.9,92
0.9,96
0.91,84
0.9,95
0.9,91
0.91,91
0.91,79
0.91,85
0.91,90
0.91,82
0.91,86
0.91,85
0.91,86
0.91,91
0.91,92
0.91,88
0.91,87
0.91,73
0.91,84
0.91,82
0.91,87
0.91,85
0.91,91
0.91,89
0.91,86
0.91,84
0.91,93
0.91,93
0.91,86
0.91,90
0.91,83
0.91,80
0.91,87
0.91,87
0.91,84
0.91,91
0.91,92
0.91,83
0.91,85
0.91,87
0.91,87
0.91,88
0.91,82
0.91,88
0.91,94
0.91,88
0.91,90
0.91,75
0.91,88
0.91,82
0.91,77
0.91,86
0.91,83
0.91,88
0.91,84
0.91,81
0.91,88
0.91,79
0.91,90
0.91,95
0.91,85
0.91,83
0.91,88
0.91,78
0.91,88
0.91,89
0.91,88
0.91,85
0.91,88
0.91,84
0.91,83
0.91,83
0.91,85
0.91,77
0.91,85
0.91,84
0.91,86
0.91,84
0.91,80
0.91,82
0.91,95
0.91,87
0.91,91
0.91,84
0.91,88
0.91,85
0.91,82
0.91,90
0.91,93
0.91,86
0.91,94
0.91,80
0.91,82
0.91,75
0.91,92
0.91,87
0.91,92
0.92,72
0.92,78
0.92,79
0.91,82
0.92,73
0.92,78
0.92,71
0.92,78
0.92,79
0.92,79
0.92,75
0.92,77
0.92,80
0.92,82
0.92,73
0.92,78
0.92,73
0.92,79
0.92,77
0.92,80
0.92,62
0.92,80
0.92,77
0.92,75
0.92,82
0.92,78
0.92,76
0.92,71
0.92,81
0.92,75
0.92,79
0.92,86
0.92,82
0.92,70
0.92,77
0.92,77
0.92,75
0.92,78
0.92,70
0.92,78
0.92,81
0.92,77
0.92,68
0.92,78
0.92,73
0.92,78
0.92,70
0.92,71
0.92,84
0.92,67
0.92,77
0.92,75
0.92,75
0.92,78
0.92,79
0.92,73
0.92,74
0.92,78
0.92,78
0.92,72
0.92,81
0.92,76
0.92,77
0.92,76
0.92,77
0.92,80
0.92,74
0.92,74
0.92,69
0.92,75
0.92,79
0.92,74
0.92,77
0.92,76
0.92,72
0.92,73
0.92,76
0.92,85
0.92,71
0.92,78
0.92,76
0.92,82
0.92,76
0.92,74
0.92,77
0.92,80
0.92,71
0.92,70
0.92,83
0.93,65
0.93,65
0.92,75
0.92,72
0.93,69
0.93,73
0.92,78
0.92,73
0.92,79
0.92,71
0.93,63
0.92,68
0.93,71
0.93,68
0.93,71
0.93,71
0.93,72
0.93,65
0.93,70
0.93,69
0.93,71
0.93,75
0.93,55
0.93,70
0.93,72
0.93,72
0.93,66
0.93,68
0.93,72
0.93,70
0.93,67
0.93,72
0.93,70
0.93,68
0.93,73
0.93,75
0.93,73
0.93,76
0.93,62
0.93,66
0.93,73
0.93,70
0.93,71
0.93,67
0.93,71
0.93,62
0.93,68
0.93,74
0.93,74
0.93,71
0.93,69
0.93,66
0.93,77
0.93,69
0.93,65
0.93,62
0.93,57
0.93,67
0.93,61
0.93,68
0.93,67
0.93,69
0.93,73
0.93,74
0.93,71
0.93,70
0.93,66
0.93,74
0.93,72
0.93,64
0.93,70
0.93,70
0.93,71
0.93,71
0.93,68
0.93,65
0.93,72
0.93,68
0.93,63
0.93,66
0.93,63
0.93,77
0.93,69
0.93,64
0.93,70
0.93,74
0.93,66
0.93,68
0.93,70
0.93,64
0.93,71
0.93,65
0.93,74
0.93,68
0.93,64
0.93,72
0.93,74
0.93,67
0.94,56
0.93,73
0.94,58
0.94,63
0.94,62
0.94,61
0.94,63
0.94,58
0.94,59
0.94,63
0.94,63
0.94,61
0.94,58
0.94,66
0.94,65
0.94,63
0.94,60
0.93,71
0.94,66
0.93,69
0.93,71
0.93,69
0.94,58
0.94,64
0.94,52
0.94,61
0.94,59
0.94,66
0.94,66
0.94,62
0.94,57
0.94,64
0.94,66
0.94,62
0.94,65
0.94,63
0.94,52
0.94,60
0.94,61
0.94,63
0.94,54
0.94,59
0.94,60
0.94,65
0.94,65
0.94,65
0.94,57
0.94,61
0.94,64
0.94,52
0.94,56
0.94,60
0.94,66
0.94,59
0.94,53
0.94,69
0.94,58
0.94,61
0.94,59
0.94,62
0.94,61
0.94,66
0.94,63
0.94,62
0.94,66
0.94,60
0.94,54
0.94,63
0.94,65
0.94,62
0.94,62
0.94,56
0.94,62
0.94,61
0.94,59
0.94,61
0.94,57
0.94,58
0.94,64
0.94,66
0.94,58
0.94,53
0.94,57
0.94,66
0.94,63
0.94,62
0.94,63
0.94,56
0.94,61
0.94,64
0.94,67
0.94,63
0.94,57
0.94,61
0.94,57
0.94,57
0.95,51
0.94,64
0.94,58
0.94,67
0.95,47
0.95,54
0.95,51
0.95,51
0.95,50
0.95,54
0.95,48
0.95,50
0.95,48
0.95,55
0.95,52
0.95,48
0.95,48
0.95,53
0.95,50
0.95,55
0.95,53
0.95,40
0.95,50
0.95,51
0.95,49
0.95,51
0.95,50
0.95,48
0.95,55
0.95,55
0.95,53
0.95,50
0.95,55
0.95,52
0.95,42
0.95,50
0.95,54
0.95,50
0.95,49
0.95,56
0.95,44
0.95,53
0.95,52
0.95,52
0.95,52
0.95,49
0.95,53
0.95,49
0.95,46
0.95,42
0.95,52
0.95,49
0.95,51
0.95,41
0.95,41
0.95,56
0.95,48
0.95,52
0.95,47
0.95,50
0.95,53
0.95,50
0.95,53
0.95,50
0.95,51
0.95,50
0.95,54
0.95,46
0.95,56
0.95,51
0.95,49
0.95,53
0.95,49
0.95,50
0.95,48
0.95,51
0.95,47
0.95,54
0.95,51
0.95,46
0.95,49
0.95,46
0.95,52
0.95,52
0.95,46
0.95,54
0.95,47
0.95,47
0.95,44
0.95,57
0.95,48
0.95,53
0.95,50
0.95,46
0.95,49
0.95,52
0.95,50
0.95,48
0.95,46
0.95,53
0.95,55
0.96,43
0.95,48
0.96,39
0.95,52
0.96,35
0.96,41
0.96,43
0.96,43
0.96,41
0.96,42
0.96,36
0.96,41
0.96,38
0.96,37
0.96,41
0.96,42
0.96,44
0.96,34
0.96,43
0.96,43
0.96,43
0.96,32
0.96,39
0.96,42
0.96,40
0.96,41
0.96,41
0.96,43
0.96,43
0.96,42
0.96,40
0.96,43
0.96,40
0.96,31
0.96,38
0.96,36
0.96,39
0.96,40
0.96,39
0.96,40
0.96,38
0.96,40
0.96,44
0.96,40
0.96,35
0.96,41
0.96,42
0.96,39
0.96,34
0.96,41
0.96,40
0.96,38
0.96,44
0.96,43
0.96,34
0.96,41
0.96,45
0.96,39
0.96,41
0.96,37
0.96,39
0.96,37
0.96,39
0.96,37
0.96,45
0.96,39
0.96,42
0.96,44
0.96,40
0.96,36
0.96,40
0.96,40
0.96,36
0.96,43
0.96,39
0.96,40
0.96,42
0.96,36
0.96,38
0.96,35
0.96,35
0.96,45
0.96,35
0.96,37
0.96,35
0.96,41
0.96,38
0.96,39
0.96,43
0.96,38
0.96,40
0.96,35
0.96,41
0.96,43
0.97,36
0.96,38
0.97,32
0.97,34
0.97,33
0.97,35
0.97,33
0.97,28
0.97,36
0.97,35
0.97,36
0.97,36
0.97,33
0.97,28
0.96,38
0.97,33
0.97,32
0.97,37
0.97,36
0.97,35
0.97,36
0.97,31
0.97,35
0.97,35
0.97,36
0.97,35
0.97,35
0.97,33
0.97,32
0.97,37
0.97,33
0.97,35
0.97,34
0.97,36
0.97,21
0.97,32
0.97,33
0.97,30
0.97,35
0.97,34
0.97,34
0.97,32
0.97,33
0.97,32
0.97,36
0.97,29
0.97,26
0.97,34
0.97,32
0.97,35
0.97,34
0.97,30
0.97,34
0.97,31
0.97,31
0.97,40
0.97,30
0.97,34
0.97,32
0.97,31
0.97,32
0.97,30
0.97,33
0.97,32
0.97,32
0.97,31
0.97,30
0.97,30
0.97,36
0.97,32
0.97,34
0.97,35
0.97,31
0.97,30
0.97,31
0.97,37
0.97,33
0.97,36
0.97,34
0.97,28
0.97,33
0.97,30
0.97,32
0.97,37
0.97,33
0.97,34
0.97,35
0.97,34
0.97,31
0.97,37
0.97,35
0.98,21
0.97,32
0.98,26
0.98,23
0.98,26
0.98,25
0.97,40
0.97,33
0.97,31
0.98,22
0.98,24
0.97,32
0.98,23
0.98,26
0.98,24
0.97,30
0.98,24
0.98,23
0.98,24
0.98,19
0.97,35
0.98,25
0.98,22
0.98,24
0.98,22
0.98,26
0.98,24
0.98,23
0.98,24
0.98,24
0.98,26
0.98,23
0.98,24
0.98,29
0.97,32
0.98,22
0.98,22
0.98,27
0.98,26
0.98,13
0.98,25
0.98,26
0.98,24
0.98,24
0.98,23
0.98,23
0.98,25
0.98,21
0.98,26
0.98,25
0.98,20
0.98,23
0.98,24
0.98,23
0.98,23
0.98,24
0.98,23
0.98,24
0.98,28
0.98,21
0.98,21
0.98,25
0.98,20
0.98,25
0.98,21
0.98,21
0.98,23
0.98,21
0.98,21
0.98,24
0.98,17
0.98,22
0.98,22
0.98,22
0.98,22
0.98,24
0.98,22
0.98,22
0.98,21
0.98,23
0.98,20
0.98,24
0.98,25
0.98,26
0.98,24
0.98,21
0.98,20
0.98,21
0.98,24
0.98,23
0.98,19
0.98,26
0.98,21
0.98,22
0.98,22
0.98,23
0.98,23
0.98,24
0.99,15
0.98,26
0.99,14
0.98,28
0.99,16
0.99,14
0.99,15
0.99,13
0.99,15
0.98,24
0.99,14
0.99,12
0.99,16
0.99,13
0.99,14
0.99,14
0.99,15
0.99,15
0.99,15
0.99,16
0.99,16
0.99,15
0.99,16
0.99,15
0.99,13
0.99,16
0.99,14
0.99,15
0.99,13
0.99,12
0.99,15
0.99,15
0.99,16
0.99,13
0.99,15
0.99,10
0.99,15
0.99,15
0.99,15
0.99,15
0.99,14
0.99,15
0.99,16
0.99,12
0.99,16
0.99,10
0.99,12
0.99,15
0.99,14
0.99,14
0.99,14
0.99,15
0.98,24
0.98,25
0.99,15
0.99,15
0.99,15
0.99,17
0.99,18
0.99,14
0.99,13
0.99,14
0.99,16
0.99,15
0.99,10
0.99,16
0.99,13
0.99,17
0.99,15
0.99,14
0.99,15
0.99,10
0.99,13
0.99,15
0.99,16
0.99,13
0.99,14
0.99,11
0.99,14
0.99,15
0.99,14
0.99,13
0.99,15
0.99,16
0.99,15
0.99,13
0.99,13
0.99,15
0.99,14
0.99,15
0.99,15
0.99,16
0.99,16
0.99,13
0.99,16
0.99,14
0.99,17
0.99,15
0.99,14
0.99,13
