agent_id,c,alpha,beta,acbar,sigma,pro,cbar,wtp_wta_max
1,7.808888802960994,29.49965386845093,1.8888509372335522,7.808888802960994,0.0015076070814208909,1,7.808888802960994,115.17975839228572
2,8.384798311832363,31.436593203805934,1.8746183291876926,8.384798311832363,0.003126400949558847,1,8.384798311832363,131.79474681251634
3,11.713110123683766,38.60137922746996,1.6477852090461629,11.713110123683766,0.005387768503061783,1,11.713110123683766,226.0711029087173
4,6.497630005850232,24.084015535910975,1.8532923169083646,6.497630005850232,0.006642220097449738,1,6.497630005850232,78.24451100374915
5,11.188498954735572,26.555032928386744,1.186711150254308,11.188498954735572,0.008802304672893248,1,11.188498954735572,148.55547908111188
6,7.891458313639798,31.534554098748707,1.9980181637811847,7.891458313639798,0.010325852867339289,1,7.891458313639798,124.42680955474722
7,8.35763945798917,33.00335130368977,1.9744421537675603,8.35763945798917,0.011939403367129914,1,8.35763945798917,137.91505555079797
8,13.218217361586168,26.878738551701527,1.0167308426102366,13.218217361586168,0.014491351358825169,1,13.218217361586168,177.6445042908183
9,9.13969153095476,34.50248872138985,1.8875083805911343,9.13969153095476,0.016255887136162037,1,9.13969153095476,157.67105198187448
10,14.312651228976513,36.086713186281486,1.2606578826298285,14.312651228976513,0.01901912975507735,1,14.312651228976513,258.2482699176773
11,7.056923213597815,23.02722598765314,1.6315344017972686,7.056923213597815,0.02038156014412699,1,7.056923213597815,81.25068280851616
12,8.9071859945252,26.05788482905126,1.4627450715112345,8.9071859945252,0.022101207717516343,1,8.9071859945252,116.05121339813805
13,8.71523299624932,33.769444709338345,1.9373804879267904,8.71523299624932,0.023783796279463382,1,8.71523299624932,147.15428939792127
14,11.992220546834588,33.99203688641851,1.4172536584724043,11.992220546834588,0.02609904971366691,1,11.992220546834588,203.82000158903364
15,12.73137497199067,38.66780233972155,1.518602759905809,12.73137497199067,0.028557006479131394,1,12.73137497199067,246.14714546490657
16,8.88796814792784,33.69707146070058,1.8956566281437892,8.88796814792784,0.03027294379843071,1,8.88796814792784,149.74924891057748
17,9.135147314049343,21.185181618404286,1.1595424184250793,9.135147314049343,0.03203660225586215,1,9.135147314049343,96.76487747950671
18,6.1605111032861615,20.59579296371481,1.6715977472005958,6.1605111032861615,0.033225968681590286,1,6.1605111032861615,63.440305616974044
19,6.795240774659143,21.356803803036843,1.5714530589321263,6.795240774659143,0.0345378778879234,1,6.795240774659143,72.5623120093957
20,11.572708652946067,36.10201410271039,1.5597910215047146,11.572708652946067,0.03677213911978864,1,11.572708652946067,208.89904549760877
21,10.007966618362019,28.945155446496724,1.4461057150905101,10.007966618362019,0.03870430664389852,1,10.007966618362019,144.8410747359194
22,12.961379953309283,36.96799235985475,1.426082426910729,12.961379953309283,0.04120666884877284,1,12.961379953309283,239.57809754355603
23,8.980843687216893,31.824815545924068,1.7718165828463703,8.980843687216893,0.042940536993347815,1,8.980843687216893,142.9068468962271
24,7.208849077089734,25.6807941526084,1.7811993203064758,7.208849077089734,0.04433229863725724,1,7.208849077089734,92.56448461298126
25,11.043680258472751,32.08454716821684,1.4526202505546761,11.043680258472751,0.046464424088487694,1,11.043680258472751,177.16574008183704
26,6.920830887545087,21.248919063926877,1.5351421967387617,6.920830887545087,0.04780058009206954,1,6.920830887545087,73.53008769228538
27,12.334246012887537,34.00410660537964,1.3784428561685154,12.334246012887537,0.05018186597053738,1,12.334246012887537,209.7075081596033
28,5.290719427826146,21.10570945420159,1.9945973078063521,5.290719427826146,0.05120330785253439,1,5.290719427826146,55.83219352369916
29,7.669209844109946,22.952725931193577,1.496420517742227,7.669209844109946,0.05268394810259132,1,7.669209844109946,88.0146358303337
30,8.140957583976235,24.66776330752762,1.5150406480486356,8.140957583976235,0.05425566536132547,1,8.140957583976235,100.40960738907383
31,16.07101674034949,35.168314848285064,1.0941533885652674,16.07101674034949,0.05735838320694231,1,16.07101674034949,282.59528832833536
32,11.823983072706792,24.259512786648497,1.0258604328792782,11.823983072706792,0.05964115621867404,1,11.823983072706792,143.42203427072292
33,15.244211587016366,32.8150992499322,1.0763134276449273,15.244211587016366,0.06258424862518261,1,15.244211587016366,250.12015810745427
34,8.26627904710725,20.71590645863622,1.2530369674542783,8.26627904710725,0.06418016081485223,1,8.26627904710725,85.62173175042918
35,10.455655525858683,39.249889716772024,1.8769693406453625,10.455655525858683,0.06619876047857198,1,10.455655525858683,205.19166315325566
36,13.37033788005984,34.88656178312558,1.3046252868132246,13.37033788005984,0.06878007730579135,1,13.37033788005984,233.22255925698593
37,9.682475210258113,30.98168059690305,1.5998843231779958,9.682475210258113,0.07064940449958265,1,9.682475210258113,149.9896771758243
38,13.580859449692658,35.36114903651484,1.3018744935658353,13.580859449692658,0.07327136524134335,1,13.580859449692658,240.1173975222715
39,13.132642819915064,31.491958768336715,1.1989954802007015,13.132642819915064,0.07580679195987568,1,13.132642819915064,206.78632310202923
40,13.476492549320696,28.056141255172207,1.0409289046275776,13.476492549320696,0.07840860332033042,1,13.476492549320696,189.0491892940086
41,7.6049463728972935,28.60932727222914,1.88096837698868,7.6049463728972935,0.07987683667528084,1,7.6049463728972935,108.78619983498531
42,13.731390334623756,39.15866868887602,1.4258814196744987,13.731390334623756,0.08252785935323002,1,13.731390334623756,268.85148237558303
43,15.704767590574232,38.016013988818756,1.21033354265094,15.704767590574232,0.08555986805882733,1,15.704767590574232,298.51633220720873
44,16.561089920314405,35.23503305714616,1.0637896789004706,16.561089920314405,0.08875720087658329,1,16.561089920314405,291.76527540232405
45,9.06438854743815,31.254217623021187,1.7240113582650043,9.06438854743815,0.09050719843803998,1,9.06438854743815,141.6501861406264
46,6.117913597951772,20.47217621159919,1.6731338130088262,6.117913597951772,0.09168834086387345,1,6.117913597951772,62.623502612303746
47,11.56249470502882,36.26791836980037,1.5683431342038383,11.56249470502882,0.0939206301608581,1,11.56249470502882,209.67380705661714
48,11.6193089555259,38.919616372854236,1.6747818877104943,11.6193089555259,0.09616388818444857,1,11.6193089555259,226.10952353336884
49,8.314444237185192,27.08421779937362,1.628744930313155,8.314444237185192,0.09776909928763479,1,8.314444237185192,112.5951093003353
50,9.637579052998449,38.06764658550796,1.9749589796445992,9.637579052998449,0.09962975869701768,1,9.637579052998449,183.43997666471972
51,0.0,37.362089318386474,1.8910447837831712,9.878689716602302,0.10153696764155562,0,9.878689716602302,184.5442437701606
52,0.0,36.485885952943875,1.2595375404482863,14.48384219654067,0.1043332608930881,0,14.48384219654067,264.22790727170946
53,0.0,35.587243466419395,1.4856048366157624,11.977358510587463,0.10664564501878233,0,11.977358510587463,213.1205867004332
54,0.0,27.25954640482876,1.9411380572682222,7.021537263349347,0.10800124369201126,0,7.021537263349347,95.70196043175294
55,0.0,37.840461751145426,1.1561791389559926,16.364445818195023,0.11116061181999438,0,16.364445818195023,309.6190930310502
56,0.0,25.81844797945099,1.0253757546539943,12.58974959290082,0.11359122597246843,0,12.58974959290082,162.52389746931203
57,0.0,27.685893629920994,1.8726415390329145,7.392203220115148,0.11501838650748873,0,7.392203220115148,102.32987602143372
58,0.0,23.30669979392943,1.664116444042656,7.002725042879275,0.11637035323800295,0,7.002725042879275,81.60520515690942
59,0.0,39.24019812417759,1.9882879501402926,9.867835823631285,0.11827546669798258,0,9.867835823631285,193.6079163880744
60,0.0,22.86280862354316,1.444027121825826,7.9163362924359255,0.11980381790831872,0,7.9163362924359255,90.49484082678588
61,0.0,39.53249334713763,1.9950171227627167,9.907808032342274,0.12171664852069138,0,9.907808032342274,195.84017756164386
62,0.0,30.285629650187406,1.180423260731919,12.82829246833414,0.1241933164635702,0,12.82829246833414,194.25645737012812
63,0.0,20.982999774056676,1.9397862377903112,5.40858558671889,0.12523751393349913,0,5.40858558671889,56.74417507204433
64,0.0,36.86292923834337,1.6425433851118778,11.221295453280383,0.12740393029758756,0,11.221295453280383,206.82491012840947
65,0.0,24.979125644882405,1.3703957255245933,9.11383667492114,0.1291634744602365,0,9.11383667492114,113.82783570489622
66,0.0,27.372855296930407,1.8871850876066611,7.252297476461309,0.13056362438015057,0,7.252297476461309,99.25804469673449
67,0.0,21.754526964655376,1.087224501637587,10.004615850676892,0.13249514499517803,0,10.004615850676892,108.82284264728453
68,0.0,25.965108595085482,1.3708895253131521,9.470168133772223,0.1343234835592139,0,9.470168133772223,122.94697200355688
69,0.0,35.821114985400015,1.4464137041810137,12.382734926340662,0.136714130850187,0,12.382734926340662,221.78168581508882
70,0.0,22.721403657435975,1.3022761498155564,8.72372716825615,0.13839835932201,0,8.72372716825615,99.10766319364446
71,0.0,37.284135955530274,1.2701581106667308,14.676966451034628,0.1412319377111614,0,14.676966451034628,273.6090062875659
72,0.0,32.02361909617836,1.8977812559281333,8.437120715610824,0.14286083309674236,0,8.437120715610824,135.0935700325984
73,0.0,27.151076971289744,1.318383781033996,10.297106715768079,0.14484882286001727,0,10.297106715768079,139.7887685107018
74,0.0,23.4382349214866,1.6632643863625112,7.045853657921765,0.1462091161280313,0,7.045853657921765,82.57118662839301
75,0.0,27.911578121994992,1.7740763204013996,7.86650996944702,0.14772784772163647,0,7.86650996944702,109.78335377983647
76,0.0,34.66260674253082,1.6676722395109744,10.392511766189509,0.14973425666505955,0,10.392511766189509,180.11577420927568
77,0.0,33.04786199954409,1.860041465871035,8.883635823696054,0.15144935757307734,0,8.883635823696054,146.79258537785668
78,0.0,22.121939064024993,1.1312962066849264,9.777253266343756,0.1533369828976429,0,9.777253266343756,108.14590048579794
79,0.0,38.272296209033286,1.622594476547328,11.793549393336962,0.15561388029356177,0,11.793549393336962,225.6831078688285
80,0.0,33.20106719235969,1.201204041152789,13.819911544959842,0.1582819931372088,0,13.819911544959842,229.41790589833954
81,0.0,35.93723829426589,1.1173582831053566,16.081340621733833,0.16138670414178533,0,16.081340621733833,288.95948500725336
82,0.0,31.264828721537455,1.685776273441176,9.273125151333558,0.16317700100703864,0,9.273125151333558,144.9613347849124
83,0.0,22.081602870606726,1.414920003582067,7.803127673191443,0.16468349582777086,0,7.803127673191443,86.15278321402748
84,0.0,29.484801350457044,1.6336159134755701,9.024398301718053,0.1664257727545564,0,9.024398301718053,133.04129561677937
85,0.0,30.972111856268913,1.2810360630692241,12.08869630963514,0.16875965208379487,0,12.08869630963514,187.20622714924238
86,0.0,29.96786924314707,1.0260212111989242,14.60392286048798,0.17157912846213025,0,14.60392286048798,218.82422536005507
87,0.0,34.243913717703755,1.1550559909550464,14.82348647418794,0.1744409944386772,0,14.82348647418794,253.80709590882023
88,0.0,37.092561906307466,1.6223634659625101,11.431643612703434,0.17664802123822088,0,11.431643612703434,212.01447419752324
89,0.0,30.735905861015556,1.8796655346230433,8.175897598500011,0.17822648411911077,0,8.175897598500011,125.64680945839974
90,0.0,39.85378886037854,1.1941034008143954,16.687746150458032,0.18144826956185456,0,16.687746150458032,332.5349558179746
91,0.0,33.337472560612945,1.828008929714036,9.118520161120898,0.1832087179321492,0,9.118520161120898,151.99420783238193
92,0.0,27.847573148432684,1.4277023583446498,9.752583577966687,0.18509158045398671,0,9.752583577966687,135.79289228681534
93,0.0,36.84295316466348,1.2255875571135995,15.030730750658442,0.18799345762120043,0,15.030730750658442,276.88825453858806
94,0.0,21.927043132873013,1.0168703277370654,10.781631902697598,0.1900749912447317,0,10.781631902697598,118.20465388660497
95,0.0,32.155987453689534,1.8383537582148355,8.745864964781084,0.1917634937047815,0,8.745864964781084,140.6159620395817
96,0.0,23.23709657355393,1.1450846885901806,10.146453273322196,0.19372239787055298,0,10.146453273322196,117.88705729562014
97,0.0,37.11450870732304,1.135087784030638,16.34873937922728,0.1968787336671495,0,16.34873937922728,303.387715022043
98,0.0,33.177812062478324,1.0379439157771948,15.982468589179668,0.19996435614579175,0,15.982468589179668,265.131669573133
99,0.0,27.589239257542562,1.4621899795424282,9.434218413320076,0.2017857541508702,0,9.434218413320076,130.14145450650057
100,0.0,39.9830476891768,1.8861946918941368,10.598865499145637,0.20383200235400514,0,10.598865499145637,211.88747235175532
101,0.0,29.84932917617908,1.979908225836363,7.53805878137861,0.20528732219345067,0,7.53805878137861,112.50299895737874
102,0.0,30.65060378977769,1.8407124950353055,8.325744480044342,0.20689471495481976,0,8.325744480044342,127.59454765638392
103,0.0,37.035486344311025,1.1873573695256017,15.595762192097325,0.20990567875699948,0,15.595762192097325,288.79831884727133
104,0.0,24.758976256747243,1.9150343541459351,6.464368694782299,0.21115370882466722,0,6.464368694782299,80.02557551448754
105,0.0,39.0317111294082,1.6466619845034174,11.851767848147343,0.21344184604701416,0,11.851767848147343,231.29738951084747
106,0.0,32.62691851923695,1.7344933127224358,9.405316895695092,0.21525766423994075,0,9.405316895695092,153.4332540017232
107,0.0,33.01260578887996,1.7703708410747416,9.323641415388131,0.21705771392398013,0,9.323641415388131,153.89884928154157
108,0.0,37.375293655301604,1.9490925912403925,9.587870228247125,0.218908776401188,0,9.587870228247125,179.17473265482997
109,0.0,21.44056660864141,1.107699444265668,9.677971185972337,0.22077723403477945,0,9.677971185972337,103.75059292467611
110,0.0,20.52712687882818,1.6310938630684557,6.292441944515695,0.2219920714174535,0,6.292441944515695,64.58287708636699
111,0.0,33.742641710867154,1.3656410696918675,12.35413991997201,0.22437719807224107,0,12.35413991997201,208.43065848276828
112,0.0,36.89516693311433,1.656167661360104,11.138717351483214,0.2265276716646777,0,11.138717351483214,205.48241805187516
113,0.0,39.811692570619755,1.078654773150879,18.454325499494644,0.23009051812182468,0,18.454325499494644,367.3489666920148
114,0.0,33.850517580054635,1.1135179196032148,15.199808186345468,0.2330250378769638,0,15.199808186345468,257.2606871126728
115,0.0,36.542535019589494,1.9659517147998191,9.293853644648236,0.23481933664621352,0,9.293853644648236,169.8104861382488
116,0.0,20.685134100575738,1.9391605821562603,5.333527891118432,0.23584904325627012,0,5.333527891118432,55.16236982847283
117,0.0,34.29934551159462,1.6526456842701163,10.377101951754039,0.2378524771355128,0,10.377101951754039,177.96390262612735
118,0.0,35.640066406716535,1.9674347748539058,9.05749630489352,0.2396011440603156,0,9.05749630489352,161.40488489249736
119,0.0,38.6295039609441,1.05440067966579,18.318227930765545,0.24313771511982823,0,18.318227930765545,353.8120292044922
120,0.0,27.721653306204576,1.7474136119079131,7.932195651130558,0.244669128184684,0,7.932195651130558,109.94678889881249
121,0.0,23.887410906188162,1.159295430487962,10.302555447895474,0.24665816989623826,0,10.302555447895474,123.0506876838333
122,0.0,23.222245140246468,1.5012517048066905,7.734294344477262,0.24815137555170955,0,7.734294344477262,89.80383962713643
123,0.0,22.514847674793284,1.2660266995496414,8.891932406639766,0.24986807822247661,0,8.891932406639766,100.10025183502617
124,0.0,26.38750782121782,1.164760856081774,11.327435878118676,0.25205498636973017,0,11.327435878118676,149.45140141409996
125,0.0,31.85539716307843,1.594317180226579,9.990294766362377,0.2539837421140224,0,9.990294766362377,159.12240377934867
126,0.0,37.72827096067268,1.2274505149677886,15.368550707587087,0.2569508397975172,0,15.368550707587087,289.91442268434173
127,0.0,25.165677600338203,1.6926512440466823,7.433804715782357,0.2583860320398711,0,7.433804715782357,93.53836641062628
128,0.0,27.90784079059138,1.244110980291081,11.215977204888048,0.26055142164725453,0,11.215977204888048,156.50685307245888
129,0.0,27.9144081717168,1.5395825734204633,9.065576817260231,0.2623016486195843,0,9.065576817260231,126.53010579452769
130,0.0,24.046007566392575,1.0685116947466704,11.252103128404952,0.264474012804208,0,11.252103128404952,135.28407848172753
131,0.0,31.86287808003707,1.0564282570076666,15.080474167876142,0.26738549358212027,0,15.080474167876142,240.253654900093
132,0.0,20.734727530769952,1.4173312831360287,7.314707499044149,0.26879769256488717,0,7.314707499044149,75.83423347998007
133,0.0,22.525217114184628,1.212058812944466,9.292130412163706,0.2705916586417959,0,9.292130412163706,104.65362749365268
134,0.0,33.223071063893116,1.7286513964315833,9.60953467323567,0.2724469037205882,0,9.60953467323567,159.6291266699268
135,0.0,38.56610108824244,1.5890917100157094,12.134636674890585,0.2747896524321075,0,12.134636674890585,233.9928123364622
136,0.0,21.59090657886163,1.424968193749331,7.575925790333721,0.2762522829878782,0,7.575925790333721,81.78555299374192
137,0.0,25.41586189060773,1.1687180537477315,10.873393205960417,0.2783515323189948,0,10.873393205960417,138.17833000248118
138,0.0,35.716593997973504,1.8604666852942335,9.598826541826766,0.28020471005438546,0,9.598826541826766,171.4186952256993
139,0.0,34.34292083244603,1.2776799410918434,13.439563277129576,0.2827993917407378,0,13.439563277129576,230.776928824555
140,0.0,20.52163579898012,1.9941640612417433,5.145423136901166,0.283792782292689,0,5.145423136901166,52.79624982356578
141,0.0,22.655115892487764,1.996345012214888,5.674148444750178,0.2848882501104783,0,5.674148444750178,64.27424530349724
142,0.0,24.401555891491356,1.3636073625450127,8.947427449331427,0.2866156668177052,0,8.947427449331427,109.16557549496238
143,0.0,27.186320248037383,1.7102562764612408,7.948025282003256,0.2881501359977397,0,7.948025282003256,108.03878032801907
144,0.0,22.138019699552455,1.225272458195102,9.033917130628666,0.2898942506576822,0,9.033917130628666,99.99651770099089
145,0.0,20.62637854733477,1.6573488994282077,6.222702580745357,0.2910956239532977,0,6.222702580745357,64.17590950896536
146,0.0,30.53307200352018,1.0392036454569238,14.69061051556223,0.2939318365057494,0,14.69061051556223,224.27473432366614
147,0.0,36.33867284917646,1.8528254945978335,9.806285846974482,0.29582506694587685,0,9.806285846974482,178.17370662935753
148,0.0,26.185084032392687,1.2932793592181602,10.123521977580557,0.2977795439281248,0,10.123521977580557,132.54263684336053
149,0.0,38.53872985816645,1.7579197097836214,10.961459059728643,0.2998957955124585,0,10.961459059728643,211.22035477711668
150,0.0,35.72039093922898,1.670799671283645,10.689609159363089,0.3019595629540139,0,10.689609159363089,190.91850908000617
151,0.0,28.587290746168133,1.7874824602386477,7.9965234294806535,0.30350339532930165,0,7.9965234294806535,114.29947011855448
152,0.0,39.38091997150923,1.801553927438552,10.929708895115061,0.30561351713330226,0,10.929708895115061,215.2109956552094
153,0.0,25.971534691852206,1.3650503429344665,9.513031818306738,0.30745013108657343,0,9.513031818306738,123.53401794692365
154,0.0,28.090221134290097,1.7998089486653774,7.80366748235139,0.3089567301244527,0,7.80366748235139,109.60337261885971
155,0.0,20.170293018102406,1.1217382480983367,8.990641556662952,0.3106924898745726,0,8.990641556662952,90.67193730931005
156,0.0,28.136279892070007,1.9742579531737003,7.1257861331746915,0.31206821514178235,0,7.1257861331746915,100.24655654701718
157,0.0,38.403503143726766,1.4228583434859146,13.495195540562587,0.31467363735683523,0,13.495195540562587,259.1313921836014
158,0.0,26.482905772026015,1.8916661465681588,6.999888912763764,0.31602505653571256,0,6.999888912763764,92.6886992456862
159,0.0,22.491933917536503,1.5338800485179622,7.331712130706783,0.3174405384827729,0,7.331712130706783,82.45219237312885
160,0.0,25.942533041840214,1.2684965812660196,10.22570081188092,0.31941474241184376,0,10.22570081188092,132.64029059409654
161,0.0,26.134858489898498,1.3403265832294458,9.749436748067753,0.3212969973974288,0,9.749436748067753,127.40007488348346
162,0.0,26.050620586218187,1.8766723212651324,6.940641765488534,0.3226369781474797,0,6.940641765488534,90.40401262880067
163,0.0,32.466625510027676,1.7779756449265505,9.130222228485277,0.3243996857533803,0,9.130222228485277,148.2137529577809
164,0.0,26.343893945084535,1.6833153473938216,7.825002601524201,0.3259104038122315,0,7.825002601524201,103.07051932728206
165,0.0,33.472278407560594,1.485069114951656,11.269602899475231,0.3280861465542217,0,11.269602899475231,188.6096428969435
166,0.0,33.98427840448985,1.2049829968076544,14.101559314332215,0.3308086351461072,0,14.101559314332215,239.6156588378465
167,0.0,22.073088265510016,1.9215209857410724,5.743650064013507,0.3319175211513,0,5.743650064013507,63.3900474145862
168,0.0,27.4510974137252,1.0089664900613176,13.603572410049479,0.33454386692411164,0,13.603572410049479,186.71649570146636
169,0.0,35.96920459025457,1.9143039001469249,9.394852245637146,0.33635766478086365,0,9.394852245637146,168.96268125926755
170,0.0,26.836383305600844,1.6600367270780692,8.083069147764334,0.33791820592753274,0,8.083069147764334,108.46017096754
171,0.0,39.82583004832541,1.8664884353452387,10.668651702885837,0.3399779272607889,0,10.668651702885837,212.4439547819544
172,0.0,23.232089392147298,1.3001464039493773,8.934412817501384,0.3417028313248467,0,8.934412817501384,103.78253862126938
173,0.0,37.245862175014906,1.7941171127076558,10.379997468170844,0.3437068242210205,0,10.379997468170844,193.30597753824748
174,0.0,37.01045641399877,1.142723904899546,16.19396262531686,0.34683327836145283,0,16.19396262531686,299.67297395710733
175,0.0,27.619084781989457,1.8547824175462542,7.445370551476208,0.3482707035381248,0,7.445370551476208,102.8171602472745
176,0.0,32.22424062119966,1.4647005385282081,11.000282915707778,0.3503944505704895,0,11.000282915707778,177.23788178851962
177,0.0,37.807051153769514,1.8303076855677982,10.328058897387246,0.35238841605314936,0,10.328058897387246,195.23672552633198
178,0.0,26.371460656560618,1.4240183701346418,9.259522633148046,0.3541760867761615,0,9.259522633148046,122.09356840929816
179,0.0,35.14539644201987,1.1523060105051421,15.250027389257916,0.35712030199858724,0,15.250027389257916,267.9841291735654
180,0.0,31.472153235374904,1.7576449690872242,8.952932414934441,0.358848781510694,0,8.952932414934441,140.8840304343859
181,0.0,22.574889581083802,1.2599360737065695,8.958744039557256,0.36057838303217454,0,8.958744039557256,101.12132873909886
182,0.0,32.28208425996766,1.9587628139271076,8.24042707734623,0.36216930416438853,0,8.24042707734623,133.009080624505
183,0.0,27.70549948332222,1.528665675195326,9.061987827973613,0.36391883823587157,0,9.061987827973613,125.5334495428976
184,0.0,20.452276525526187,1.6602236709583131,6.15949431491985,0.3651080083574417,0,6.15949431491985,62.98784049307363
185,0.0,26.960022231142695,1.6733672319339288,8.055620343415205,0.36666325015706447,0,8.055620343415205,108.58985177205965
186,0.0,26.88343960066127,1.0113808535438102,13.29046298754001,0.3692291461021803,0,13.29046298754001,178.646679495178
187,0.0,39.74409259622656,1.198341904871914,16.582952008373038,0.3724306996790741,0,16.582952008373038,329.53719006977957
188,0.0,31.177609201647282,1.4662142972035555,10.632009680000712,0.3744833467954252,0,10.632009680000712,165.74032141559655
189,0.0,31.32334467599827,1.8731810160113946,8.361003130038055,0.3760975466956527,0,8.361003130038055,130.9472914396412
190,0.0,22.645842143636518,1.1135445188486264,10.168359576252811,0.3780606801568156,0,10.168359576252811,115.13553291177794
191,0.0,35.282428846690664,1.7381295684785125,10.149539334278588,0.38002018012660854,0,10.149539334278588,179.0501996941862
192,0.0,32.17497264334095,1.0354249744228037,15.537085466417713,0.38301981562723586,0,15.537085466417713,249.9526499196201
193,0.0,26.098587870266563,1.8410984386406293,7.087776330291279,0.3843882026099039,0,7.087776330291279,92.49047668045121
194,0.0,22.46956160110024,1.6990998042010168,6.612195924437265,0.3856647726381061,0,6.612195924437265,74.28657182134353
195,0.0,38.42596108534822,1.767371212226743,10.87093668254748,0.3877635477055744,0,10.87093668254748,208.86309496242697
196,0.0,29.708735674238156,1.2897855957541102,11.51692799641947,0.38998703975953125,0,11.51692799641947,171.07668481242965
197,0.0,38.84587203822025,1.1271381622032741,17.232080920002858,0.39331391607678184,0,17.232080920002858,334.69760518534383
198,0.0,25.74952600813771,1.8409531148887517,6.993531176836556,0.39466410781242783,0,6.993531176836556,90.04005646333741
199,0.0,32.33585563770297,1.208113874480156,13.382784653316264,0.39724782765036687,0,13.382784653316264,216.37189629005076
200,0.0,25.92116461343297,1.7557762753688602,7.381682101834801,0.3986729569472912,0,7.381682101834801,95.67089844284588
201,0.0,20.78024070746951,1.6537895285896398,6.282613460852847,0.3998858968139493,0,6.282613460852847,65.27710999425511
202,0.0,28.243048586419096,1.8723079914692693,7.542308400942019,0.40134203709746946,0,7.542308400942019,106.50889131078118
203,0.0,29.985953817625415,1.2083543324312722,12.407765260911551,0.40373751681858744,0,12.407765260911551,186.02933804681535
204,0.0,20.908654747939465,1.6653190308621753,6.277672434066449,0.40494950275605535,0,6.277672434066449,65.62884277227609
205,0.0,21.50501931264135,1.545812122245077,6.955896839975709,0.40629242869573634,0,6.955896839975709,74.79334794020927
206,0.0,30.504864051677444,1.40094034193354,10.887281613139734,0.4083943593636655,0,10.887281613139734,166.05752275057756
207,0.0,25.153669866845792,1.6121649326270355,7.801208597763533,0.4099004836820411,0,7.801208597763533,98.11451281527145
208,0.0,21.765382070963245,1.3352601149671628,8.15024047636535,0.4114739931233322,0,8.15024047636535,88.69654896916067
209,0.0,37.504456773062415,1.8734213787450322,10.009615882088926,0.4134064790591568,0,10.009615882088926,187.7026030823816
210,0.0,23.433016958518028,1.4927912203281415,7.848725474606906,0.41492177712578554,0,7.848725474606906,91.95965857460804
211,0.0,37.36172888901632,1.1741462405252716,15.910168426848601,0.4179934411220536,0,15.910168426848601,297.21569967125237
212,0.0,20.298292037754745,1.8451963610117783,5.500306760475228,0.41905534655204707,0,5.500306760475228,55.82341646068146
213,0.0,25.2062774647994,1.5375118684279276,8.197100127289511,0.420637902855619,0,8.197100127289511,103.30919010760094
214,0.0,21.72943890693054,1.4755226344739465,7.363302466274101,0.4220594837259458,0,7.363302466274101,80.00021554707702
215,0.0,26.33800367769593,1.9608733380869985,6.715886020305353,0.42335607246958223,0,6.715886020305353,88.44151535089453
216,0.0,38.506950573796765,1.6992084091436466,11.33084981412115,0.4255436397213797,0,11.33084981412115,218.15823687573868
217,0.0,33.96223071056568,1.740218095459276,9.758038604236674,0.4274275554066623,0,9.758038604236674,165.7023791798461
218,0.0,24.779366984374462,1.7631498529897534,7.027016717369873,0.4287842119594298,0,7.027016717369873,87.06251302252123
219,0.0,35.608910527874826,1.9998024001163892,8.903107258447728,0.43050307208001387,0,8.903107258447728,158.51497489306902
220,0.0,30.34424527301604,1.126236855304592,13.471520280167622,0.43310392347953497,0,13.471520280167622,204.39155779090805
221,0.0,36.887734411731515,1.5862260924351634,11.627514699087353,0.4353487657281559,0,11.627514699087353,214.45633704421928
222,0.0,36.88106372108904,1.712258597338109,10.769711940247998,0.43742799804861415,0,10.769711940247998,198.59921616302995
223,0.0,32.489044357458965,1.3026980434046016,12.469906023865992,0.43983547484852764,0,12.469906023865992,202.56766497136348
224,0.0,39.10380531164981,1.0728122479990791,18.224906261362598,0.44335402895157033,0,18.224906261362598,356.3315931336954
225,0.0,34.79077357558117,1.3451392781732876,12.932033931396079,0.44585072552698524,0,12.932033931396079,224.9577321894669
226,0.0,28.06263951680087,1.8672270088729195,7.514522707589747,0.44730150142267533,0,7.514522707589747,105.43867094195276
227,0.0,30.92055611483631,1.6141195210588695,9.578149483797919,0.4491506871843174,0,9.578149483797919,148.080854295032
228,0.0,27.456794034266412,1.4641258894092721,9.376514080132942,0.4509609446208032,0,9.376514080132942,128.72450792880457
229,0.0,25.754005700195677,1.2583100529212599,10.233569079578539,0.45293666762081985,0,10.233569079578539,131.77769820440594
230,0.0,20.50509895077846,1.585000608071213,6.468482991855478,0.45418549200680347,0,6.468482991855478,66.31844190471203
231,0.0,31.351566446373432,1.8525229041572358,8.461856632384292,0.45581916298136177,0,8.461856632384292,132.64623023494093
232,0.0,22.048540458889033,1.396748498562519,7.892809794168586,0.45734297209662084,0,7.892809794168586,87.01246804052084
233,0.0,27.85552749365715,1.3792381065661394,10.09815758462782,0.4592925521544283,0,10.09815758462782,140.64475311694136
234,0.0,22.628855469190214,1.2409723521886682,9.117389049514413,0.4610527821489834,0,9.117389049514413,103.1580395289196
235,0.0,31.44167544309052,1.2562764252060132,12.513836450419138,0.4634687402864896,0,12.513836450419138,196.72799211099723
236,0.0,31.750038079126142,1.0400356514466595,15.26391813346146,0.4664156372969208,0,15.26391813346146,242.31499098703273
237,0.0,34.52771536037028,1.8215276052005653,9.477681057863652,0.4682454263282188,0,9.477681057863652,163.62133692114463
238,0.0,35.835432727490854,1.4102637079957088,12.705224038708616,0.4706983343174494,0,12.705224038708616,227.64860066342115
239,0.0,39.00668516618607,1.4936445475497386,13.057552826130856,0.4732192639405268,0,13.057552826130856,254.6659260648647
240,0.0,30.022429572225114,1.8876889444423801,7.952165440343161,0.4747545324317296,0,7.952165440343161,119.37166343969253
241,0.0,33.2419420400872,1.2943173051771253,12.841496403981903,0.4772337495653304,0,12.841496403981903,213.43813958457733
242,0.0,37.20546281022441,1.2997135218326337,14.312947501601595,0.4799970493835117,0,14.312947501601595,266.2599179877663
243,0.0,34.92615445906286,1.210575257369558,14.425437099612216,0.48278206677493885,0,14.425437099612216,251.912522140276
244,0.0,28.345200702424346,1.1570716829752605,12.24867962784221,0.48514683295498595,0,12.24867962784221,173.59564119544189
245,0.0,22.232674214087826,1.23164637454761,9.02559154702745,0.48688934025322683,0,9.02559154702745,100.33151822724311
246,0.0,34.1124624343686,1.286698312405341,13.255812223223913,0.48944854641968427,0,13.255812223223913,226.09419825088494
247,0.0,29.259482534598718,1.8694157894356178,7.825835937609215,0.49095942536485554,0,7.825835937609215,114.4899549675559
248,0.0,28.71309919228646,1.7885457082202998,8.026940284589527,0.49250913010781483,0,8.026940284589527,115.2391663009896
249,0.0,37.90168710034838,1.7098113469874545,11.08358742826453,0.4946489601548329,0,11.08358742826453,210.04333132771862
250,0.0,28.67111099124967,1.668587009730251,8.591434196735335,0.49630764775576897,0,8.591434196735335,123.16298171430837
251,0.0,32.2162950021483,1.0746177916512474,14.989652717663017,0.4992015942768949,0,14.989652717663017,241.45553696599285
252,0.0,20.770822724114478,1.5195517905233626,6.834522802595827,0.5005210873872872,0,6.834522802595827,70.97933076831798
253,0.0,36.89044920084671,1.1007283318188426,16.75729066584893,0.5037562992990873,0,16.75729066584893,309.09199002616134
254,0.0,28.92095940199007,1.3579596065791077,10.648681765596127,0.5058121651774082,0,10.648681765596127,153.98504651375876
255,0.0,31.272037652842172,1.932806208722028,8.08980163446372,0.5073740061177969,0,8.08980163446372,126.4922906584868
256,0.0,29.799453167690736,1.1601498763252316,12.842932527855945,0.5098535005137044,0,12.842932527855945,191.35618319982763
257,0.0,22.416352450923014,1.0539348309322198,10.634600827783366,0.5119066478846813,0,10.634600827783366,119.1944801652348
258,0.0,38.3806210389686,1.861859362145813,10.307067713947664,0.5138965607476151,0,10.307067713947664,197.79582997600684
259,0.0,37.43483057228905,1.5636520502480644,11.970319920710695,0.5162075859824083,0,11.970319920710695,224.0534490639507
260,0.0,26.271198877190468,1.8957586543652618,6.9289407743694555,0.5175453077046366,0,6.9289407743694555,91.01579054586705
261,0.0,30.22872138313342,1.9950972801511855,7.575751238767348,0.5190079045609675,0,7.575751238767348,114.50263673231301
262,0.0,32.50965965678641,1.898492100526779,8.561968640208164,0.5206609034547393,0,8.561968640208164,139.17334324262288
263,0.0,27.45550576087779,1.2501463682658052,10.980916498187284,0.5227809115494737,0,10.980916498187284,150.74330808784947
264,0.0,31.340691705026703,1.3907282126260536,11.267727015419998,0.5249562921277607,0,11.267727015419998,176.5691793033394
265,0.0,33.72532974767292,1.94599644191601,8.66531125680458,0.5266292426515947,0,8.66531125680458,146.12023975097827
266,0.0,27.16037355559983,1.1124497230287795,12.207461152335231,0.528986051071309,0,12.207461152335231,165.77960253144903
267,0.0,29.978171961656074,1.4626529144095999,10.247876193429242,0.530964536244882,0,10.247876193429242,153.60629738419163
268,0.0,31.806441527020112,1.8809477239236916,8.454897794998601,0.5325968637257903,0,8.454897794998601,134.46010616677714
269,0.0,22.459503279541305,1.3464140910865292,8.340488794727682,0.5342071030679967,0,8.340488794727682,93.66161771908193
270,0.0,35.19929817898961,1.3351964232690534,13.181318330979625,0.5367519272241189,0,13.181318330979625,231.98657716216672
271,0.0,39.737462169921315,1.2800577544687965,15.521745808419295,0.5397486012051743,0,15.521745808419295,308.39739343659824
272,0.0,25.498424543002912,1.6737429592747524,7.617186498592234,0.5412191976748573,0,7.617186498592234,97.11312758216732
273,0.0,38.50194126206685,1.0961410661295823,17.562493757311376,0.5446098644680499,0,17.562493757311376,338.09505152970917
274,0.0,34.71867969139892,1.1372882168072294,15.263799966584786,0.5475567386648357,0,15.263799966584786,264.96949095672136
275,0.0,21.189840566935153,1.551297221130987,6.829716536037663,0.5488753038632443,0,6.829716536037663,72.36030225799935
276,0.0,38.116710886746496,1.1773678776847403,16.18725617081634,0.5520004632358101,0,16.18725617081634,308.50248175635477
277,0.0,21.760601141370625,1.5526292953186642,7.007661521968269,0.5533533830175227,0,7.007661521968269,76.24546365664087
278,0.0,21.445321965798893,1.092046731298693,9.818866423552914,0.5552490423008335,0,9.818866423552914,105.28437589613226
279,0.0,37.77378427601107,1.8430030848062402,10.247889595904374,0.5572275300619278,0,10.247889595904374,193.55078544003504
280,0.0,32.18187696368917,1.4032257700423316,11.467105882298016,0.55944140331173,0,11.467105882298016,184.51649531685555
281,0.0,33.32092152971997,1.8857681916842424,8.834840272695432,0.5611470836068941,0,8.834840272695432,147.19250972704714
282,0.0,22.293857440354966,1.8138665505495177,6.145396262365872,0.5623335319168978,0,6.145396262365872,68.50229409383749
283,0.0,32.30975126609758,1.195802349733913,13.50965369539835,0.5649417454659247,0,13.50965369539835,218.24677529471833
284,0.0,20.266578640478194,1.6357513762106055,6.194883567033246,0.5661377479407833,0,6.194883567033246,62.77454748994268
285,0.0,22.569050765216158,1.0400835819773606,10.849633220009531,0.5682324100990027,0,10.849633220009531,122.43296146318538
286,0.0,29.429958342913945,1.8097164648937771,8.131096476663089,0.5698022235433029,0,8.131096476663089,119.64891529520453
287,0.0,28.680390499167704,1.611536473268851,8.89846149153305,0.5715201867384376,0,8.89846149153305,127.60567520948707
288,0.0,21.756397139870817,1.8266044413238882,5.955421066452185,0.5726699578773508,0,5.955421066452185,64.78425292844337
289,0.0,38.44939259472579,1.2012734917367296,16.003596541174797,0.5757596593806593,0,16.003596541174797,307.6642831696128
290,0.0,28.78583705204943,1.2703386980886209,11.329985103721246,0.5779470596889191,0,11.329985103721246,163.07155249893356
291,0.0,26.438376653037103,1.500917439707622,8.807405375404022,0.5796474433219744,0,8.807405375404022,116.42675032545759
292,0.0,27.694977456022414,1.628423025848209,8.503618843634541,0.5812891770320904,0,8.503618843634541,117.75376608453298
293,0.0,38.26994952544602,1.7034739409718282,11.232913109199986,0.5834578363350624,0,11.232913109199986,214.9415088564022
294,0.0,26.24882380586214,1.8675372905565646,7.0276572089330145,0.5848146165430183,0,7.0276572089330145,92.2338679226398
295,0.0,34.395804929244576,1.2585721274986796,13.66461412013141,0.5874527472082395,0,13.66461412013141,235.0027008547205
296,0.0,34.61787779055314,1.1186755585547714,15.472706776250808,0.5904399535692495,0,15.472706776250808,267.816136134657
297,0.0,28.260071025473795,1.8580836066465765,7.604628479683128,0.5919081255507993,0,7.604628479683128,107.453670479093
298,0.0,39.77870652902368,1.6497741879050476,12.055803400444866,0.5942356544780696,0,12.055803400444866,239.78213271895103
299,0.0,32.24427625750315,1.866884697640367,8.6358510245057,0.5959029173226504,0,8.6358510245057,139.2283830764017
300,0.0,33.23304362784312,1.852619688465671,8.969202863045933,0.597634538055411,0,8.969202863045933,149.03695502729045
301,0.0,28.35572156302868,1.0137984504655186,13.984890956386955,0.6003345023103449,0,13.984890956386955,198.27583702431318
302,0.0,29.75541758408027,1.9966236867881122,7.451433582846702,0.6017730980337181,0,7.451433582846702,110.86025892882151
303,0.0,33.089486353817286,1.1317404789426244,14.618849007120659,0.6045954560979028,0,14.618849007120659,241.8651023648172
304,0.0,24.9612145308651,1.2791053035789768,9.757294595301433,0.6064792281426281,0,9.757294595301433,121.77696181708482
305,0.0,20.720854510532128,1.3455019734691707,7.700046123717894,0.6079658217356861,0,7.700046123717894,79.77576772697267
306,0.0,35.31603874716811,1.6004039606853184,11.033476426803274,0.6100959772051087,0,11.033476426803274,194.82934050247516
307,0.0,25.701918799539936,1.205011193926963,10.66459752783747,0.6121549158273841,0,10.66459752783747,137.0503098451265
308,0.0,22.876832392561152,1.101330372305078,10.385999046171802,0.6141600674058907,0,10.385999046171802,118.79937970428615
309,0.0,26.203185567601825,1.6921002896412587,7.742799208774188,0.6156549150355229,0,7.742799208774188,101.44300224009531
310,0.0,26.68553050540911,1.8094586753317983,7.373898854174112,0.6170785416757203,0,7.373898854174112,98.38820140843227
311,0.0,22.529425607066955,1.6425104447233692,6.8582290235790095,0.6184026115789867,0,6.8582290235790095,77.25598029147537
312,0.0,28.18796874089575,1.7117892282076796,8.23348116590552,0.6199921917130716,0,8.23348116590552,116.04255486664935
313,0.0,33.1439161539436,1.3371963380105514,12.393062713308924,0.622384832917028,0,12.393062713308924,205.37731573023785
314,0.0,35.442865493524394,1.3907017573131388,12.742798844951723,0.6248449952090671,0,12.742798844951723,225.82065273633097
315,0.0,23.11534788898654,1.5842977018729973,7.295140257307382,0.6262534164824889,0,7.295140257307382,84.31485247330546
316,0.0,23.365067941882067,1.177143730833408,9.924475376231156,0.6281694649413835,0,9.924475376231156,115.94302072658827
317,0.0,36.4516116684374,1.5349935814698794,11.873538791456072,0.6304618053261944,0,11.873538791456072,216.40481257814213
318,0.0,34.532111790957515,1.7488653127901197,9.872719053437391,0.6323678615569089,0,9.872719053437391,170.46291901700812
319,0.0,35.680271222172266,1.059748212721341,16.83431535616769,0.6356179440823776,0,16.83431535616769,300.32646887382134
320,0.0,24.712817966600056,1.7598548597625672,7.021265938355341,0.6369734903728037,0,7.021265938355341,86.75763351483243
321,0.0,26.475643801007617,1.038963623845771,12.741371879318942,0.6394333771706532,0,12.741371879318942,168.66801170651166
322,0.0,27.11115777843728,1.2964573036891145,10.455862179684413,0.6414520167315695,0,10.455862179684413,141.73526463150964
323,0.0,27.259478818637476,1.4232521096012296,9.576475817160429,0.643300879370199,0,9.576475817160429,130.52486984753935
324,0.0,20.25443017247593,1.1371016960695401,8.90616478828876,0.6450203297865034,0,8.90616478828876,90.19464640447929
325,0.0,28.05639264635797,1.4298147994229913,9.811198155761245,0.6469145086114394,0,9.811198155761245,137.6334138946303
326,0.0,39.25934263154663,1.1945717943616958,16.432391429652146,0.6500869945193741,0,16.432391429652146,322.56244269620197
327,0.0,30.831769057035686,1.9192616998377123,8.032195155992207,0.65163771378329,0,8.032195155992207,123.82339303529623
328,0.0,30.55789813290875,1.4561402051554155,10.492773300510327,0.6536634795139526,0,10.492773300510327,160.31854882434965
329,0.0,30.141454453968255,1.9309715458507153,7.80473811712462,0.6551702852517358,0,7.80473811712462,117.62307924123084
330,0.0,31.43733312143233,1.5513010662369555,10.132569945849053,0.6571265090613977,0,10.132569945849053,159.2704883819351
331,0.0,22.633507428631066,1.0241216978457204,11.050204031533324,0.6592598940114777,0,11.050204031533324,125.05243751779923
332,0.0,23.310884937312636,1.3318910100049572,8.75104823225208,0.660949397168418,0,8.75104823225208,101.9973392114507
333,0.0,22.346631829699586,1.8083253553958718,6.178819470461814,0.6621422982614593,0,6.178819470461814,69.03790192429476
334,0.0,36.613291810693255,1.9157524380332358,9.555851550496124,0.6639871791183967,0,9.555851550496124,174.9355906589901
335,0.0,38.33733425424279,1.5858810447291276,12.087077521249679,0.6663207459195797,0,12.087077521249679,231.69316554454667
336,0.0,33.390301270559945,1.2657921269389434,13.189488447565038,0.6688671474224834,0,13.189488447565038,220.2004964343833
337,0.0,29.084382769379065,1.175693865719871,12.369028884730488,0.671255148584678,0,12.369028884730488,179.8727852845037
338,0.0,39.086401761907155,1.4020045253246711,13.939470613640019,0.6739463438544088,0,13.939470613640019,272.42187437651614
339,0.0,26.850423423406376,1.1545803657900247,11.627784526300125,0.6761912381966665,0,11.627784526300125,156.10546900364554
340,0.0,26.54838523047466,1.1235885281297397,11.81410479273296,0.6784721040785597,0,11.81410479273296,156.8227025953358
341,0.0,32.881141057166076,1.0076295868642373,16.316085536696487,0.6816221356281018,0,16.316085536696487,268.2457550164522
342,0.0,34.239256022521076,1.1239118887437445,15.232179837866159,0.6845629051496676,0,15.232179837866159,260.7692526248915
343,0.0,35.33507470093772,1.696117185230145,10.416460315548045,0.6865739376705948,0,10.416460315548045,184.03320168462173
344,0.0,35.62671294053109,1.9327899832581825,9.216395275516096,0.6883532820988666,0,9.216395275516096,164.17493441363945
345,0.0,34.5515720183064,1.955497871272057,8.834469350721028,0.6900588907827413,0,8.834469350721028,152.62240200747908
346,0.0,35.09748989534649,1.4120423133210753,12.4279171963333,0.6924582610958901,0,12.4279171963333,218.09434910925546
347,0.0,24.464560452729206,1.7824011869474494,6.862809739996682,0.6937832153657653,0,6.862809739996682,83.94781187986382
348,0.0,36.77698468410538,1.658114607321789,11.090000812280433,0.6959242835995987,0,11.090000812280433,203.92839500997684
349,0.0,22.322917263315066,1.6536710050189924,6.7495037391245445,0.6972273626790859,0,6.7495037391245445,75.33430676845644
350,0.0,23.43092815974493,1.363460077717256,8.592451125878823,0.6988862466113588,0,8.592451125878823,100.66455252329308
351,0.0,22.385882896441235,1.2224517429748265,9.156141755733183,0.7006539583175625,0,9.156141755733183,102.48415856352943
352,0.0,38.04215666664365,1.1103686562778126,17.130417204934844,0.7039612071384269,0,17.130417204934844,325.83900753754955
353,0.0,29.755565687892407,1.0339695568565832,14.388995058207335,0.7067391889219629,0,14.388995058207335,214.0763438186238
354,0.0,29.38063029728114,1.6799860004943543,8.744308074185014,0.7084273908041268,0,8.744308074185014,128.45664136658016
355,0.0,32.724237760663605,1.9754031966400525,8.282926193580126,0.7100265169409458,0,8.282926193580126,135.5262230563722
356,0.0,26.20014780061804,1.8612102733307678,7.0384706596667925,0.7113853848255626,0,7.0384706596667925,92.20448578679176
357,0.0,22.825789439578095,1.7092098089657215,6.677293015709539,0.7126745226900163,0,6.677293015709539,76.20724220147568
358,0.0,27.56661683309457,1.6193764151646373,8.51149139105251,0.7143177762973334,0,8.51149139105251,117.31651092766381
359,0.0,25.84743600513143,1.1729211453195356,11.018403116131855,0.7164450216689837,0,11.018403116131855,142.39873471147945
360,0.0,20.21970632931094,1.0096172431600237,10.013550415415267,0.7183782672174055,0,10.013550415415267,101.23552435672315
361,0.0,34.7587035040128,1.2309128401625626,14.119075847572738,0.7211041376028114,0,14.119075847572738,245.3803855682245
362,0.0,35.136059963422994,1.4826558450958833,11.849027567537343,0.7233917457785095,0,11.849027567537343,208.1640715606221
363,0.0,33.492059691662284,1.898697302952722,8.819747002215088,0.7250945121224018,0,8.819747002215088,147.6957465317736
364,0.0,22.963395534948067,1.0147606867294172,11.31468524315782,0.7272789585944998,0,11.31468524315782,129.91179629603653
365,0.0,23.490336805648923,1.9875867717930302,5.909260702227847,0.7284198178774829,0,5.909260702227847,69.4052620838588
366,0.0,29.3539718143468,1.3155741775668828,11.156334745273027,0.7305736927358748,0,11.156334745273027,163.74136783208112
367,0.0,20.889503044589908,1.5217781834591002,6.863517716197875,0.7318987836897214,0,6.863517716197875,71.68773711455614
368,0.0,37.49980182014278,1.6635830740190503,11.270793267193747,0.7340747562476106,0,11.270793267193747,211.32625693778252
369,0.0,21.0372738146649,1.9935623121347976,5.276302046495157,0.7350934146674867,0,5.276302046495157,55.4995054404977
370,0.0,28.005975791253974,1.7592342069004863,7.959706468133204,0.7366301390517345,0,7.959706468133204,111.45967332601309
371,0.0,31.620185049047798,1.0564981179756747,14.964619676575627,0.7395192526201875,0,14.964619676575627,236.59202168097156
372,0.0,22.830755698478296,1.0784553696623214,10.584933016573002,0.7415628109771845,0,10.584933016573002,120.83100989306756
373,0.0,23.96822484306378,1.6277558520269975,7.362352533771216,0.7429842084507433,0,7.362352533771216,88.23126045166441
374,0.0,26.96834542689443,1.2088872942291635,11.154201700866812,0.745137671497297,0,11.154201700866812,150.4051822151148
375,0.0,35.150725852547865,1.5025060847039464,11.697365558247958,0.7473959993586051,0,11.697365558247958,205.58544496750474
376,0.0,34.40213351575478,1.9815877422876782,8.680446689693044,0.7490718719737095,0,8.680446689693044,149.31294299760583
377,0.0,24.743181135942933,1.454158682510104,8.507730770218403,0.7507143995444876,0,8.507730770218403,105.25416175167462
378,0.0,32.80860943459807,1.1007234584134828,14.903202609076054,0.753591655752922,0,14.903202609076054,244.4766768629296
379,0.0,24.212049533288734,1.122671590154669,10.783228927149153,0.7556734977026995,0,10.783228927149153,130.54203645646362
380,0.0,31.413434623759038,1.7273288410286631,9.093067248576604,0.7574290320587006,0,9.093067248576604,142.82223677130278
381,0.0,30.661476392843678,1.1330198338524822,13.530864807806958,0.7600413406875882,0,13.530864807806958,207.43814593966619
382,0.0,34.78930575607746,1.9706503533580269,8.826859035849713,0.76174548010165,0,8.826859035849713,153.54014893198539
383,0.0,29.737070036173925,1.822745361053402,8.15722005705401,0.7633203370413544,0,8.15722005705401,121.28591206854888
384,0.0,26.305474560522743,1.2962031630366866,10.14712635745135,0.7652793711547311,0,10.14712635745135,133.46248712917316
385,0.0,30.86020600020729,1.75074231966784,8.813463196017976,0.7669809243284836,0,8.813463196017976,135.99264490218005
386,0.0,38.76951069145774,1.1511525413694579,16.839432350701305,0.7702319947559942,0,16.839432350701305,326.42827627929677
387,0.0,33.62581726878048,1.141930381485873,14.723234364351866,0.7730745057648204,0,14.723234364351866,247.5403941705626
388,0.0,21.59240010368285,1.1933793625252447,9.046746064886003,0.7748210972166115,0,9.046746064886003,97.67048033471846
389,0.0,22.438663237441677,1.1674669048656696,9.609978297424842,0.7766764279427969,0,9.609978297424842,107.81753336751959
390,0.0,39.438880787472954,1.7797843274252427,11.079679762246228,0.7788155035642994,0,11.079679762246228,218.48508465330283
391,0.0,22.845271463872454,1.3600334738612254,8.398790141176898,0.7804369987362381,0,8.398790141176898,95.93632037164092
392,0.0,30.56764761643778,1.7184157930597248,8.894136023392385,0.7821541268437484,0,8.894136023392385,135.93640790786182
393,0.0,26.64082713928112,1.0909965857298474,12.20939986785528,0.7845113095575934,0,12.20939986785528,162.63425567694713
394,0.0,22.673044730482065,1.5556222209722148,7.2874520641367955,0.7859182465257881,0,7.2874520641367955,82.61436331070871
395,0.0,20.385931595699645,1.8102529925309487,5.630685788067029,0.7870053233150142,0,5.630685788067029,57.3933876562063
396,0.0,25.34877129913504,1.6768882053670784,7.5582770568733535,0.7884645465543005,0,7.5582770568733535,95.79651826509107
397,0.0,23.66162333235654,1.4344708359673548,8.24750937386608,0.7900568350155489,0,8.24750937386608,97.57473011724947
398,0.0,34.14158076892234,1.0157130677366415,16.806705482780455,0.793301587097508,0,16.806705482780455,286.9037463499194
399,0.0,39.491622420078485,1.2209656898428234,16.17228999496386,0.7964238570560652,0,16.17228999496386,319.3349850745629
400,0.0,27.14944418991826,1.222355642328868,11.105378520686639,0.7985678941555945,0,11.105378520686639,150.75242717764945
401,0.0,23.04381327700635,1.4330343903692635,8.040216421836336,0.8001201620287292,0,8.040216421836336,92.63862296575832
402,0.0,39.524681710816495,1.429598305817901,13.823701927305956,0.8027890066547604,0,13.823701927305956,273.1887093709842
403,0.0,25.817138570836292,1.9178416111539955,6.730779648508542,0.8040884708061422,0,6.730779648508542,86.88473543765491
404,0.0,21.79534522785168,1.653823894818515,6.589379103826356,0.8053606357517268,0,6.589379103826356,71.80889620254366
405,0.0,39.0286325038702,1.9356318701545128,10.081625826080948,0.8073070241395179,0,10.081625826080948,196.73603470382008
406,0.0,25.609598992807154,1.3607375413716079,9.410190508521199,0.8091237832464969,0,9.410190508521199,120.49560268457398
407,0.0,28.929933119256393,1.6988914743222698,8.514355848067712,0.8107675898743256,0,8.514355848067712,123.15987261907425
408,0.0,37.730235708036204,1.7803312762581518,10.596408716510478,0.812813363763766,0,10.596408716510478,199.90249926631486
409,0.0,34.72242918737326,1.343624355575034,12.921181818155201,0.8153079651982224,0,12.921181818155201,224.3274103490344
410,0.0,35.94737909155519,1.425799681821088,12.606041209674618,0.8177417246582346,0,12.606041209674618,226.57707110397024
411,0.0,34.883069207036044,1.180418139603407,14.775725667328334,0.8205943697926805,0,14.775725667328334,257.71133051879656
412,0.0,24.229393047642336,1.6514186259626902,7.335933077997675,0.8220106666482621,0,7.335933077997675,88.87260295900316
413,0.0,34.107453667683295,1.2115609620107428,14.075830576068391,0.8247281879741278,0,14.075830576068391,240.04536960370626
414,0.0,27.008089310059592,1.0854960506390738,12.440436468727306,0.8271299752948934,0,12.440436468727306,167.9962096017547
415,0.0,32.809866908004935,1.627381798732453,10.080568350205256,0.829076159523276,0,10.080568350205256,165.37105296364066
416,0.0,24.43699707543758,1.182465902602034,10.333066273481375,0.8310710917447189,0,10.333066273481375,126.25455515268354
417,0.0,31.61856696415699,1.182438108490393,13.370072707029081,0.8336523573768517,0,13.370072707029081,211.37126960142336
418,0.0,21.29607088867382,1.460346925649545,7.291442367094238,0.835060064724693,0,7.291442367094238,77.63953676515926
419,0.0,39.406320939455455,1.978233856323436,9.959975362238625,0.836982966915488,0,9.959975362238625,196.24299283672218
420,0.0,28.53099476345557,1.6182386906596724,8.815446981997741,0.8386849030848071,0,8.815446981997741,125.75673584044888
421,0.0,21.919391837995946,1.966369369306454,5.573569284627079,0.8397609527935836,0,5.573569284627079,61.08462454297985
422,0.0,32.7820347824039,1.7424501647953867,9.406878728796654,0.8415770725186108,0,9.406878728796654,154.18831284063364
423,0.0,30.34694450016037,1.841519775206305,8.239646651842392,0.8431678429795775,0,8.239646651842392,125.02404982219663
424,0.0,38.123495377859655,1.5300443955128689,12.458297121855967,0.845573078530663,0,12.458297121855967,237.4769163705391
425,0.0,27.950226244518063,1.3008408824402884,10.74313800473635,0.8476471804088305,0,10.74313800473635,150.13656890423067
426,0.0,25.669991250083932,1.6986269183688705,7.556100451632395,0.8491059834262955,0,7.556100451632395,96.98251623907942
427,0.0,32.6241454756644,1.8920296247939916,8.621467932674836,0.8507704694287873,0,8.621467932674836,140.63401202467972
428,0.0,22.36745117670237,1.068167833480951,10.470007837537667,0.8527918399920894,0,10.470007837537667,117.09369456290746
429,0.0,38.064065014982475,1.7896358701993351,10.634583729801633,0.8548449840620795,0,10.634583729801633,202.3977432492221
430,0.0,33.36479637073673,1.2732927582716562,13.101777322610975,0.8573744517967563,0,13.101777322610975,218.5690662318257
431,0.0,22.780517134434245,1.3626191902389326,8.359091556034715,0.8589882826428742,0,8.359091556034715,95.21221421027671
432,0.0,31.60490465576941,1.2884901741572863,12.264317295411285,0.8613560678770991,0,12.264317295411285,193.8062893947887
433,0.0,30.09793560285935,1.278529910150222,11.770524632983738,0.863628520044941,0,11.770524632983738,177.13424620770712
434,0.0,26.452809744519428,1.6756909295984177,7.893105249086385,0.865152386201597,0,7.893105249086385,104.39740572377488
435,0.0,20.7826560710062,1.6430070959027092,6.324578914733077,0.8663734280424337,0,6.324578914733077,65.7207741894176
436,0.0,24.183008104962898,1.728545485516412,6.995189975500731,0.8677239400306375,0,6.995189975500731,84.58236793664469
437,0.0,20.318426142592543,1.6361808437746523,6.209101585530773,0.868922687478041,0,6.209101585530773,63.07958598873063
438,0.0,38.24507739743798,1.272796278740749,15.024037246273242,0.8718232723775755,0,15.024037246273242,287.2977336528556
439,0.0,34.78771915819513,1.054709568046719,16.49161068227561,0.875007191328913,0,16.49161068227561,286.8527604406474
440,0.0,36.38824303513206,1.3571495426198799,13.406128761937008,0.8775954180492466,0,13.406128761937008,243.91273577481894
441,0.0,28.055342372864175,1.917977904391786,7.313781433201876,0.8790074382430133,0,7.313781433201876,102.59532107438793
442,0.0,39.624188066069024,1.399335819531083,14.158212600942024,0.8817408644853422,0,14.158212600942024,280.5038393895575
443,0.0,27.24155336795193,1.6262266214681231,8.375694078651483,0.8833579006633964,0,8.375694078651483,114.08345861861167
444,0.0,38.952982448719226,1.6157306138166945,12.054293616651885,0.885685138107359,0,12.054293616651885,234.77534384057452
445,0.0,37.00805279115411,1.8176753616062358,10.180050181912293,0.8876505285912972,0,10.180050181912293,188.37191727440404
446,0.0,21.29704008212471,1.1769412319120942,9.04762255950745,0.8893972892617226,0,9.04762255950745,96.34379014888299
447,0.0,28.504351870629804,1.6800390025556442,8.483241111447267,0.8910350887868189,0,8.483241111447267,120.9046448220428
448,0.0,29.451989246364672,1.4915847765667198,9.872717162666502,0.8929411446524955,0,9.872717162666502,145.3855798536269
449,0.0,21.935314110509356,1.3110373686636707,8.36563267943607,0.894556238347171,0,8.36563267943607,91.75139027828611
450,0.0,38.88575672188528,1.6396323960365893,11.858071606746151,0.8968455925917272,0,11.858071606746151,230.55504384531307
451,0.0,36.140728177638536,1.2215578168001326,14.792884823212493,0.8997015505233682,0,14.792884823212493,267.3128146794186
452,0.0,38.028245206120914,1.5086209464241336,12.603644837445355,0.9021348473326968,0,12.603644837445355,239.64724818461596
453,0.0,28.078453580212063,1.856975537132385,7.560264801218631,0.9035944543317632,0,7.560264801218631,106.14027213756425
454,0.0,30.39180321582056,1.8782834384005276,8.090313366576087,0.9051563940686614,0,8.090313366576087,122.93960589565157
455,0.0,32.39362706605293,1.8722472097317826,8.651001560497352,0.9068265819203624,0,8.651001560497352,140.11865914929658
456,0.0,36.644645866066995,1.685553072412321,10.870214194330321,0.9089252175021266,0,10.870214194330321,199.1675748197647
457,0.0,32.56028756043703,1.868058803438979,8.715006053475294,0.910607762249833,0,8.715006053475294,141.88155159605253
458,0.0,34.06908921829353,1.4895749744618931,11.4358423719494,0.9128155996742084,0,11.4358423719494,194.8043670281428
459,0.0,27.098590727882442,1.850398177012652,7.322367440836804,0.9142292775079081,0,7.322367440836804,99.21291921920425
460,0.0,33.57385605645332,1.450489580725855,11.573284118198307,0.9164636498407904,0,11.573284118198307,194.27988754241366
461,0.0,23.69605597914119,1.2501549464416657,9.477247619020194,0.9182933551911081,0,9.477247619020194,112.28669505424253
462,0.0,35.37813811550088,1.5644378223299773,11.306981207732138,0.9204763142994266,0,11.306981207732138,200.00997141826028
463,0.0,27.797745734828112,1.4545171086139568,9.555661315430394,0.9223211584290215,0,9.555661315430394,132.81292178723362
464,0.0,29.780829264550654,1.6965711249503803,8.776770047121264,0.9240156275153307,0,8.776770047121264,130.6897451337703
465,0.0,34.91613511132966,1.9572764403351997,8.919571704789433,0.9257376663104385,0,8.919571704789433,155.71848538981044
466,0.0,37.269787042290034,1.1682205351645454,15.95152024828965,0.9288173138111985,0,15.95152024828965,297.25488132726633
467,0.0,33.200473331658245,1.5531479605913425,10.68812314540128,0.9308807943585199,0,10.68812314540128,177.4253737271872
468,0.0,26.308151557329385,1.535423441183748,8.567067185403555,0.93253477759245,0,8.567067185403555,112.69185095771
469,0.0,25.894698576157428,1.4407794191574315,8.986350801464342,0.9342697089567285,0,8.986350801464342,116.34942265176493
470,0.0,32.79938231626758,1.283701019070001,12.775319887192135,0.9367361498570067,0,12.775319887192135,209.51130059631564
471,0.0,36.80697185918811,1.4682726845091985,12.534106316733538,0.9391560213546294,0,12.534106316733538,230.67124924004165
472,0.0,39.96523263000144,1.8327299675323665,10.903197235272916,0.9412610247394635,0,10.903197235272916,217.8744069592353
473,0.0,36.469472129703114,1.026575196211618,17.76268911633888,0.9446903418385515,0,17.76268911633888,323.8979478384508
474,0.0,30.378981308247766,1.5591012010262215,9.742466136339292,0.946571251057297,0,9.742466136339292,147.9830983260441
475,0.0,33.03800259408948,1.2247222163529596,13.487957576401174,0.9491752758896619,0,13.487957576401174,222.8075886990554
476,0.0,29.85240190133928,1.4517855713839256,10.281271039524883,0.951160208370621,0,10.281271039524883,153.46031756424858
477,0.0,31.927839715054375,1.1136700266842476,14.33451513915382,0.9539276721004578,0,14.33451513915382,228.83505087796178
478,0.0,20.60104190101552,1.798545972502148,5.727137981453771,0.9550333702343383,0,5.727137981453771,58.99250476441329
479,0.0,24.510823814829507,1.2807910871504788,9.568626788839355,0.9568807175164328,0,9.568626788839355,117.26746268554965
480,0.0,38.51566770393679,1.7085954571963686,11.271148925778219,0.9590567587388164,0,11.271148925778219,217.057913333429
481,0.0,21.88160985675154,1.3009923845106157,8.409584144100341,0.9606803378327642,0,8.409584144100341,92.00761964936375
482,0.0,23.59164809508116,1.8561514715131757,6.3549900040886005,0.9619072509281191,0,6.3549900040886005,74.96234391210832
483,0.0,25.49358067438424,1.371044178720504,9.297140482437097,0.9637021842639573,0,9.297140482437097,118.50870046504687
484,0.0,28.553566387476458,1.3004392216949199,10.978431714117841,0.9658217126389577,0,10.978431714117841,156.73668938972034
485,0.0,36.417780022015705,1.424139181663652,12.785892169427273,0.9682901946551957,0,12.785892169427273,232.8169042057078
486,0.0,26.35455568180936,1.2500239974084681,10.541619895476906,0.9703253908534106,0,10.541619895476906,138.90985425590773
487,0.0,37.39748859533219,1.9762201628548348,9.461873048928927,0.9721521279439249,0,9.461873048928927,176.9251447189003
488,0.0,24.14861571418622,1.2752516099037994,9.46817691765467,0.9739800820779101,0,9.46817691765467,114.32168294918542
489,0.0,39.94132610424545,1.1493119737754889,17.376189849061706,0.977334780489626,0,17.376189849061706,347.0140326053266
490,0.0,37.90233980743805,1.9223217409008146,9.85847972298246,0.9792380876332463,0,9.85847972298246,186.82972422260946
491,0.0,29.820931120985215,1.4463238102108544,10.309216688010455,0.9812284153834447,0,10.309216688010455,153.71522038223554
492,0.0,27.178105373858443,1.0238027290778158,13.273116295723767,0.9837909623251259,0,13.273116295723767,180.3690766623291
493,0.0,26.158209877724225,1.4974436394562982,8.734288619778011,0.9854772298218994,0,8.734288619778011,114.23667742438573
494,0.0,34.54515354807166,1.684655040179264,10.252886414181184,0.9874566822834536,0,10.252886414181184,177.0937677444134
495,0.0,29.016047247358223,1.62484780051012,8.928850824750679,0.9891805125328024,0,8.928850824750679,129.53997869778956
496,0.0,30.673209923321735,1.307888864032332,11.726229485872993,0.9914444129490261,0,11.726229485872993,179.84054931461372
497,0.0,24.254918558545043,1.3688248568048786,8.859759682900943,0.9931549042589504,0,8.859759682900943,107.44637477852162
498,0.0,38.085080254301744,1.1328802085233776,16.808961780673496,0.996400091948429,0,16.808961780673496,320.0853292042204
499,0.0,32.40851517103202,1.2382496241104515,13.086422373967622,0.9989265952114768,0,13.086422373967622,212.05575902063129
500,0.0,20.325672262070572,1.8278911269377662,5.559869502764591,1.0,0,5.559869502764591,56.504042666537174
